d,ets,ep,xts,xp,xt,pnl
SHORT,2025-11-20 18:55:00,86430.0,2025-11-20 22:10:53,87730.8,SL,-1.6650329746615793
SHORT,2025-11-20 22:35:42,87782.6,2025-11-21 02:57:50,85588.0,TP,2.340039871227334
SHORT,2025-11-21 03:05:00,85699.91,2025-11-21 07:33:56,83501.01,TP,2.4058136630481974
SHORT,2025-11-30 05:55:00,90808.03,2025-12-01 00:21:14,88511.15,TP,2.3693798356819373
SHORT,2025-12-01 02:05:00,87354.78,2025-12-01 12:48:31,85031.47,TP,2.4996254950215633
SHORT,2025-12-01 12:50:22,85146.02,2025-12-01 14:35:03,86445.46,SL,-1.6861312272728688
SHORT,2025-12-01 14:40:16,86367.15,2025-12-01 15:41:28,84207.57,TP,2.3404645863618136
SHORT,2025-12-01 15:51:18,84683.29,2025-12-01 21:20:53,85965.99,SL,-1.6747026054372849
SHORT,2025-12-01 23:35:00,86639.25,2025-12-02 14:07:23,87939.67,SL,-1.6609594381299446
LONG,2025-12-02 16:30:00,90256.36,2025-12-03 02:04:20,92524.54,TP,2.353041740216416
LONG,2025-12-03 02:05:00,92561.79,2025-12-04 19:20:23,91144.01,SL,-1.6917119515514973
SHORT,2025-12-05 10:05:00,91195.25,2025-12-05 16:17:20,88911.22,TP,2.3445493049254194
SHORT,2025-12-05 17:00:00,88797.09,2025-12-06 14:17:50,90130.66,SL,-1.661817232974647
SHORT,2025-12-06 15:20:00,89552.17,2025-12-07 17:30:28,90905.37,SL,-1.671074494342233
LONG,2025-12-09 19:10:00,93845.84,2025-12-09 21:48:22,92435.0,SL,-1.663359125987893
LONG,2025-12-09 21:57:50,92707.33,2025-12-11 00:42:15,91310.34,SL,-1.6668819261648513
SHORT,2025-12-12 18:15:00,90309.99,2025-12-14 22:39:55,88033.14,TP,2.3611496535433187
SHORT,2025-12-14 22:39:56,88040.99,2025-12-15 02:02:23,89369.03,SL,-1.6684337420558237
SHORT,2025-12-15 02:45:00,89448.0,2025-12-15 15:16:41,87188.16,TP,2.3664287630802217
SHORT,2025-12-15 16:40:00,86369.38,2025-12-16 13:30:07,87707.91,SL,-1.7097737739925871
SHORT,2025-12-16 13:30:40,87249.1,2025-12-17 14:52:57,88575.36,SL,-1.6800844478624932
SHORT,2025-12-17 15:42:06,89243.09,2025-12-17 16:14:59,86976.01,TP,2.380342339109954
SHORT,2025-12-17 18:45:00,85910.0,2025-12-18 09:33:42,87215.35,SL,-1.6794389477360094
SHORT,2025-12-18 16:20:00,88125.42,2025-12-18 17:17:52,85913.86,TP,2.34955967075107
SHORT,2025-12-18 17:45:00,86511.99,2025-12-19 07:04:03,87816.8,SL,-1.6682418055578163
SHORT,2025-12-22 16:00:00,89743.87,2025-12-23 06:13:36,87500.0,TP,2.3403044776205832
SHORT,2025-12-23 07:55:00,87625.65,2025-12-26 02:20:16,88970.59,SL,-1.6948702120897277
SHORT,2025-12-28 15:55:00,87828.02,2025-12-29 02:06:51,89149.99,SL,-1.665180237468636
SHORT,2025-12-29 08:00:00,89617.71,2025-12-29 12:05:18,87337.68,TP,2.3841734674987936
SHORT,2025-12-29 12:05:18,87337.68,2025-12-30 14:52:39,88647.91,SL,-1.6601886928986556
SHORT,2025-12-31 12:04:02,88935.99,2026-01-02 16:31:05,90283.49,SL,-1.675134649088631
LONG,2026-01-02 00:05:00,88720.0,2026-01-02 17:16:18,90955.99,TP,2.360277276825975
LONG,2026-01-02 17:20:00,90810.65,2026-01-03 07:27:55,89430.02,SL,-1.6803392994103556
LONG,2026-01-03 08:03:06,89639.8,2026-01-05 00:01:14,91884.59,TP,2.3442336105167496
LONG,2026-01-05 00:01:14,91884.59,2026-01-05 17:55:51,94182.23,TP,2.3405716410118385
LONG,2026-01-05 18:00:00,94335.04,2026-01-06 16:27:31,92917.33,SL,-1.6628456022279652
LONG,2026-01-12 05:45:00,92112.79,2026-01-12 08:37:27,90691.69,SL,-1.7027824952430506
LONG,2026-01-12 14:05:00,90607.14,2026-01-13 14:43:04,92890.38,TP,2.359933859517037
LONG,2026-01-13 15:05:00,92270.0,2026-01-13 22:09:10,94581.71,TP,2.345375528340746
LONG,2026-01-13 22:10:00,94707.99,2026-01-14 15:13:32,97084.67,TP,2.3494820405332146
LONG,2026-01-14 15:18:08,96782.01,2026-01-15 19:31:11,95203.46,SL,-1.791036594507583
LONG,2026-01-15 21:35:00,95474.62,2026-01-18 23:46:27,94026.81,SL,-1.6764344199536982
SHORT,2026-01-20 01:10:00,92621.9,2026-01-20 14:49:13,90300.9,TP,2.345886836698448
SHORT,2026-01-20 14:49:14,90306.28,2026-01-20 22:33:52,88048.05,TP,2.3406345073675894
SHORT,2026-01-20 22:35:56,88594.15,2026-01-21 05:41:43,89930.25,SL,-1.6681131203358301
SHORT,2026-01-25 03:00:00,89139.05,2026-01-25 18:44:49,86903.0,TP,2.348496556784039
SHORT,2026-01-26 12:05:00,87950.15,2026-01-27 20:47:15,89295.16,SL,-1.6892867607389066
SHORT,2026-01-29 13:55:00,87988.28,2026-01-29 15:12:07,85761.0,TP,2.3713371280811475
SHORT,2026-01-29 17:00:00,85270.01,2026-01-30 01:39:20,83106.57,TP,2.377164004085361
SHORT,2026-01-30 02:38:04,81890.9,2026-01-30 04:19:10,83141.14,SL,-1.6867142014558458
SHORT,2026-01-30 05:50:00,83044.68,2026-01-30 19:04:22,84332.49,SL,-1.7107435274601723
SHORT,2026-01-30 19:42:02,84175.34,2026-01-31 14:23:19,82068.46,TP,2.3429658329862284
SHORT,2026-02-09 07:55:00,70478.56,2026-02-09 10:32:56,68710.91,TP,2.34806770172375
SHORT,2026-02-10 11:55:00,68553.04,2026-02-10 14:18:36,69587.99,SL,-1.6697069364101311
SHORT,2026-02-11 06:00:00,67422.0,2026-02-11 14:10:22,68433.56,SL,-1.6603411349411137
SHORT,2026-02-11 14:35:00,67673.65,2026-02-11 15:08:29,65978.71,TP,2.344578960939727
SHORT,2026-02-11 16:15:00,67146.0,2026-02-11 21:28:46,68173.91,SL,-1.6908581300449816
SHORT,2026-02-15 16:05:00,68979.35,2026-02-16 13:02:27,70016.97,SL,-1.6642472856006838
SHORT,2026-02-23 01:00:00,66724.39,2026-02-23 01:23:00,65000.15,TP,2.4241225375009017
SHORT,2026-02-23 05:00:00,64812.78,2026-02-23 06:54:51,65786.1,SL,-1.6617408603673642
SHORT,2026-02-23 08:05:00,65816.08,2026-02-23 17:52:17,64166.67,TP,2.34608969722901
SHORT,2026-02-23 17:55:00,64497.54,2026-02-24 04:18:28,62874.97,TP,2.3557083510471863
SHORT,2026-02-24 04:20:36,63024.87,2026-02-24 15:32:21,63974.11,SL,-1.6661355937743274
SHORT,2026-02-24 16:35:00,63740.6,2026-02-24 19:06:49,64702.0,SL,-1.6683008318089279
SHORT,2026-02-24 19:11:42,64471.66,2026-02-25 01:11:43,65445.52,SL,-1.6705241589870543
SHORT,2026-02-25 03:20:00,65577.87,2026-02-25 13:49:36,66563.2,SL,-1.6625343153109453
SHORT,2026-02-27 18:55:00,65237.44,2026-02-28 06:37:20,63606.4,TP,2.340159417659554
SHORT,2026-02-28 07:40:00,64208.75,2026-02-28 13:59:16,65182.04,SL,-1.67582144178169
SHORT,2026-02-28 14:55:00,64432.82,2026-02-28 17:58:41,65453.51,SL,-1.7441150519254043
SHORT,2026-02-28 18:25:00,65204.2,2026-02-28 19:32:01,66200.0,SL,-1.6872022354388259
LONG,2026-03-02 22:15:00,69234.97,2026-03-03 04:40:29,68195.01,SL,-1.6620733019744305
LONG,2026-03-04 11:55:00,71175.59,2026-03-04 15:29:48,72962.95,TP,2.351198010441502
LONG,2026-03-04 15:37:22,72667.1,2026-03-05 15:18:20,71565.0,SL,-1.6766423319494046
LONG,2026-03-05 17:10:00,71026.0,2026-03-06 12:07:54,69956.45,SL,-1.6658570101089782
SHORT,2026-03-07 00:00:00,68114.01,2026-03-08 22:03:11,66376.0,TP,2.3916189694308043
SHORT,2026-03-08 22:03:12,66397.29,2026-03-09 03:11:30,67409.09,SL,-1.6838573742994676
LONG,2026-03-09 11:55:00,67789.15,2026-03-09 19:30:13,69494.64,TP,2.3558745905502656
LONG,2026-03-09 19:30:56,69258.01,2026-03-10 08:34:36,71008.42,TP,2.3673755338913196
LONG,2026-03-10 09:00:00,70709.37,2026-03-10 14:01:14,69634.61,SL,-1.6799682870883939
LONG,2026-03-10 14:05:04,70048.95,2026-03-11 12:08:26,68995.91,SL,-1.6632916267838327
LONG,2026-03-13 11:00:00,72458.12,2026-03-13 16:19:39,71370.28,SL,-1.6613362201503388
LONG,2026-03-13 16:55:00,72043.58,2026-03-13 17:57:47,70924.09,SL,-1.7139066770418754
LONG,2026-03-15 08:15:00,71594.54,2026-03-16 03:33:10,73393.83,TP,2.353166506831398
LONG,2026-03-16 03:33:18,73362.0,2026-03-17 00:10:34,75217.03,TP,2.3685979117254146
SHORT,2026-03-19 00:05:00,71265.78,2026-03-19 07:23:57,69479.79,TP,2.3460975969111755
SHORT,2026-03-19 07:25:56,69848.1,2026-03-20 04:07:56,70929.99,SL,-1.7089182955585038
SHORT,2026-03-22 06:05:00,69147.99,2026-03-22 21:19:49,67419.08,TP,2.3403040580066077
SHORT,2026-03-22 21:20:46,67470.0,2026-03-23 03:01:29,68483.59,SL,-1.6622824959241091
LONG,2026-03-23 07:55:00,68425.39,2026-03-23 11:06:03,70154.25,TP,2.366635215378386
LONG,2026-03-23 11:50:20,70283.52,2026-03-24 17:05:01,69194.5,SL,-1.7094670727931724
SHORT,2026-03-26 12:05:00,69333.77,2026-03-27 09:11:19,67568.36,TP,2.386248386608724
SHORT,2026-03-27 10:40:22,67019.53,2026-03-29 22:45:13,65319.0,TP,2.3773648546923543
SHORT,2026-04-02 11:15:00,66288.24,2026-04-02 17:16:16,67304.21,SL,-1.6926549626298737
LONG,2026-04-05 00:30:00,67264.42,2026-04-05 23:20:24,68949.98,TP,2.345871603442054
LONG,2026-04-06 01:05:00,68922.71,2026-04-07 14:06:54,67881.37,SL,-1.6708808112739777
LONG,2026-04-07 23:06:24,71194.91,2026-04-09 22:17:17,72981.73,TP,2.3497580711879436
LONG,2026-04-13 16:35:00,72212.36,2026-04-13 22:16:48,74149.99,TP,2.523238714258895
LONG,2026-04-13 22:20:40,74041.91,2026-04-14 14:30:51,75911.49,TP,2.3650294056433734
LONG,2026-04-14 14:33:16,75867.9,2026-04-14 15:09:00,74720.1,SL,-1.6728928044666957
LONG,2026-04-14 17:43:40,74573.11,2026-04-16 13:54:52,73429.01,SL,-1.6941991235178548
LONG,2026-04-17 13:56:08,77190.0,2026-04-18 11:06:28,76029.46,SL,-1.6634849073714126
LONG,2026-04-18 18:09:10,75833.28,2026-04-19 17:52:46,74679.01,SL,-1.6821153562130031
LONG,2026-04-20 17:55:00,75887.56,2026-04-22 05:16:43,77835.87,TP,2.407364137152384
LONG,2026-04-22 07:25:00,77882.03,2026-04-27 15:22:12,76666.0,SL,-1.721374299052039
LONG,2026-04-29 09:55:00,77732.68,2026-04-29 13:44:57,76565.15,SL,-1.661980891434592
LONG,2026-05-01 09:40:00,77275.23,2026-05-03 20:36:31,79213.08,TP,2.3477246615765566
LONG,2026-05-03 20:36:32,79267.99,2026-05-05 05:39:26,81267.99,TP,2.3630865573859
LONG,2026-05-05 05:40:00,81234.01,2026-05-07 15:18:38,79969.05,SL,-1.717180299236726
LONG,2026-05-10 07:55:00,80746.25,2026-05-13 14:00:58,79533.65,SL,-1.6617415669458406
LONG,2026-05-14 12:05:00,79370.89,2026-05-14 16:00:08,81449.0,TP,2.4582269091350755
LONG,2026-05-14 16:00:08,81449.0,2026-05-15 13:01:29,80226.95,SL,-1.6603867450797467
SHORT,2026-05-15 16:30:00,79316.71,2026-05-17 23:40:30,77304.15,TP,2.377372011521925
SHORT,2026-05-17 23:55:00,77460.01,2026-05-22 12:32:40,77413.35,EOD,-0.0997624658194739
