direction,entry_time,exit_time,entry_price,exit_price,pnl_pct,exit_type
SHORT,2022-06-22 21:00:00,2022-06-23 00:25:00,19933.1,20232.096499999996,-1.5,SL
SHORT,2022-06-27 19:00:00,2022-06-28 08:50:00,20739.0,21050.085,-1.5,SL
SHORT,2022-06-28 09:40:00,2022-06-28 18:05:00,21054.2,20527.845,2.5,TP
SHORT,2022-06-28 18:35:00,2022-06-30 06:25:00,20347.0,19838.325,2.5,TP
SHORT,2022-06-30 07:30:00,2022-06-30 13:40:00,19417.0,18931.575,2.5,TP
SHORT,2022-06-30 14:10:00,2022-06-30 23:45:00,18959.8,19244.196999999996,-1.5,SL
SHORT,2022-07-01 02:30:00,2022-07-01 03:50:00,20333.0,19824.675,2.5,TP
SHORT,2022-07-01 05:20:00,2022-07-03 04:50:00,19493.6,19006.26,2.5,TP
LONG,2022-07-06 00:00:00,2022-07-06 01:45:00,20226.7,19923.2995,-1.5,SL
LONG,2022-07-06 22:00:00,2022-07-07 14:40:00,20365.5,20874.637499999997,2.5,TP
LONG,2022-07-07 15:05:00,2022-07-07 19:25:00,20883.1,21405.177499999998,2.5,TP
LONG,2022-07-07 20:00:00,2022-07-08 01:25:00,21638.3,22179.257499999996,2.5,TP
LONG,2022-07-08 02:05:00,2022-07-08 08:35:00,22077.6,21746.435999999998,-1.5,SL
LONG,2022-07-08 09:25:00,2022-07-10 04:10:00,21541.4,21218.279000000002,-1.5,SL
SHORT,2022-07-11 00:00:00,2022-07-11 21:45:00,20783.2,20263.62,2.5,TP
SHORT,2022-07-11 22:15:00,2022-07-12 09:45:00,20120.0,19617.0,2.5,TP
SHORT,2022-07-12 11:55:00,2022-07-13 12:35:00,19765.1,19270.9725,2.5,TP
SHORT,2022-07-13 13:35:00,2022-07-13 14:45:00,19245.7,19534.3855,-1.5,SL
SHORT,2022-07-13 15:20:00,2022-07-13 17:00:00,19530.0,19822.949999999997,-1.5,SL
LONG,2022-07-14 21:00:00,2022-07-16 16:10:00,20686.1,21203.252499999995,2.5,TP
LONG,2022-07-16 17:25:00,2022-07-16 20:10:00,21459.8,21137.903,-1.5,SL
LONG,2022-07-16 20:35:00,2022-07-17 23:50:00,21081.9,20765.6715,-1.5,SL
LONG,2022-07-18 07:15:00,2022-07-18 18:55:00,22185.9,21853.111500000003,-1.5,SL
LONG,2022-07-18 20:20:00,2022-07-18 23:20:00,21641.1,22182.127499999995,2.5,TP
LONG,2022-07-19 00:30:00,2022-07-19 02:00:00,22380.0,22044.3,-1.5,SL
LONG,2022-07-19 02:05:00,2022-07-19 06:45:00,22026.7,21696.2995,-1.5,SL
LONG,2022-07-19 14:00:00,2022-07-19 15:25:00,22218.8,22774.269999999997,2.5,TP
LONG,2022-07-19 16:45:00,2022-07-20 07:05:00,23207.1,23787.277499999997,2.5,TP
LONG,2022-07-20 07:45:00,2022-07-20 14:50:00,23487.3,24074.4825,2.5,TP
LONG,2022-07-20 15:05:00,2022-07-20 16:40:00,24098.4,23736.924000000003,-1.5,SL
LONG,2022-07-20 17:30:00,2022-07-20 20:05:00,23679.9,23324.701500000003,-1.5,SL
LONG,2022-07-20 20:45:00,2022-07-21 02:45:00,23250.6,22901.840999999997,-1.5,SL
LONG,2022-07-21 03:35:00,2022-07-21 14:25:00,22842.9,22500.2565,-1.5,SL
SHORT,2022-07-25 19:00:00,2022-07-25 20:05:00,21785.0,22111.774999999998,-1.5,SL
SHORT,2022-07-25 23:00:00,2022-07-26 00:20:00,21665.7,21124.0575,2.5,TP
SHORT,2022-07-26 01:00:00,2022-07-27 07:05:00,21050.3,21366.0545,-1.5,SL
LONG,2022-07-27 19:50:00,2022-07-28 02:45:00,22698.7,23266.1675,2.5,TP
LONG,2022-07-28 03:25:00,2022-07-28 12:30:00,23180.0,22832.3,-1.5,SL
LONG,2022-07-28 12:40:00,2022-07-28 15:30:00,22918.3,23491.257499999996,2.5,TP
LONG,2022-07-28 16:30:00,2022-07-30 12:55:00,23772.3,24366.6075,2.5,TP
LONG,2022-08-03 16:00:00,2022-08-03 22:45:00,23324.9,22975.0265,-1.5,SL
SHORT,2022-08-04 00:00:00,2022-08-04 01:35:00,22814.9,23157.123499999998,-1.5,SL
LONG,2022-08-05 07:00:00,2022-08-05 17:50:00,23237.0,22888.445,-1.5,SL
LONG,2022-08-06 01:00:00,2022-08-07 00:50:00,23252.8,22904.007999999998,-1.5,SL
LONG,2022-08-07 08:00:00,2022-08-08 06:15:00,22994.0,23568.85,2.5,TP
LONG,2022-08-08 08:00:00,2022-08-09 09:55:00,23824.4,23467.034,-1.5,SL
LONG,2022-08-10 12:00:00,2022-08-10 12:35:00,23116.7,23694.6175,2.5,TP
LONG,2022-08-10 13:50:00,2022-08-10 18:40:00,24009.8,23649.653,-1.5,SL
LONG,2022-08-10 19:35:00,2022-08-11 01:25:00,23632.0,24222.8,2.5,TP
LONG,2022-08-11 01:40:00,2022-08-11 22:55:00,24293.0,23928.605,-1.5,SL
LONG,2022-08-11 23:45:00,2022-08-13 01:40:00,23922.2,24520.254999999997,2.5,TP
LONG,2022-08-13 03:00:00,2022-08-14 17:05:00,24597.2,24228.242000000002,-1.5,SL
SHORT,2022-08-17 00:00:00,2022-08-17 06:00:00,23824.3,24181.664499999995,-1.5,SL
SHORT,2022-08-19 02:00:00,2022-08-19 06:35:00,22713.3,22145.4675,2.5,TP
SHORT,2022-08-19 07:50:00,2022-08-19 11:35:00,21944.3,21395.692499999997,2.5,TP
SHORT,2022-08-19 11:40:00,2022-08-19 23:50:00,21363.2,20829.12,2.5,TP
SHORT,2022-08-20 00:45:00,2022-08-21 09:05:00,21104.1,21420.661499999995,-1.5,SL
SHORT,2022-08-22 18:00:00,2022-08-23 09:45:00,21177.7,21495.3655,-1.5,SL
SHORT,2022-08-24 20:00:00,2022-08-26 11:30:00,21692.4,21150.09,2.5,TP
SHORT,2022-08-26 16:05:00,2022-08-26 23:15:00,20787.9,20268.2025,2.5,TP
SHORT,2022-08-26 23:55:00,2022-08-28 23:25:00,20228.7,19722.982500000002,2.5,TP
SHORT,2022-08-30 12:00:00,2022-08-30 14:40:00,20419.8,19909.305,2.5,TP
SHORT,2022-08-30 15:15:00,2022-08-31 01:35:00,19811.3,20108.469499999996,-1.5,SL
SHORT,2022-09-03 11:00:00,2022-09-06 00:50:00,19831.3,20128.7695,-1.5,SL
SHORT,2022-09-06 18:30:00,2022-09-07 20:40:00,19014.9,19300.123499999998,-1.5,SL
SHORT,2022-09-07 21:25:00,2022-09-09 03:25:00,19345.2,19635.378,-1.5,SL
LONG,2022-09-09 06:00:00,2022-09-09 10:40:00,20484.8,20996.92,2.5,TP
LONG,2022-09-09 11:00:00,2022-09-10 05:15:00,20967.7,21491.892499999998,2.5,TP
LONG,2022-09-10 08:05:00,2022-09-12 01:25:00,21349.5,21883.2375,2.5,TP
SHORT,2022-09-15 08:00:00,2022-09-15 15:10:00,20174.2,19669.845,2.5,TP
SHORT,2022-09-18 18:00:00,2022-09-19 02:15:00,19687.5,19195.3125,2.5,TP
SHORT,2022-09-19 03:25:00,2022-09-19 06:40:00,18765.9,18296.752500000002,2.5,TP
SHORT,2022-09-19 06:45:00,2022-09-19 10:45:00,18446.2,18722.893,-1.5,SL
SHORT,2022-09-19 11:25:00,2022-09-19 13:40:00,18614.5,18893.7175,-1.5,SL
SHORT,2022-09-19 15:20:00,2022-09-19 19:40:00,19202.6,19490.638999999996,-1.5,SL
SHORT,2022-09-19 21:05:00,2022-09-20 13:15:00,19495.2,19007.82,2.5,TP
SHORT,2022-09-27 16:00:00,2022-09-27 16:30:00,19930.3,19432.0425,2.5,TP
SHORT,2022-09-27 17:50:00,2022-09-28 00:25:00,18921.7,19205.5255,-1.5,SL
SHORT,2022-09-28 00:30:00,2022-09-28 02:20:00,19116.0,18638.1,2.5,TP
SHORT,2022-09-28 02:50:00,2022-09-28 10:20:00,18646.2,18925.893,-1.5,SL
SHORT,2022-09-28 11:00:00,2022-09-28 14:25:00,18899.2,19182.688,-1.5,SL
SHORT,2022-10-02 17:00:00,2022-10-03 17:20:00,19193.1,19480.996499999997,-1.5,SL
LONG,2022-10-03 23:00:00,2022-10-04 08:10:00,19555.4,20044.285,2.5,TP
LONG,2022-10-04 16:25:00,2022-10-07 12:45:00,20039.3,19738.710499999997,-1.5,SL
SHORT,2022-10-10 08:00:00,2022-10-11 14:00:00,19382.6,18898.035,2.5,TP
SHORT,2022-10-15 05:00:00,2022-10-17 11:10:00,19180.3,19468.0045,-1.5,SL
LONG,2022-10-17 13:00:00,2022-10-18 18:50:00,19542.9,19249.7565,-1.5,SL
SHORT,2022-10-18 16:00:00,2022-10-21 12:10:00,19367.3,18883.1175,2.5,TP
SHORT,2022-10-21 12:15:00,2022-10-21 13:55:00,18760.3,19041.704499999996,-1.5,SL
SHORT,2022-10-21 14:20:00,2022-10-23 17:50:00,19003.3,19288.349499999997,-1.5,SL
LONG,2022-10-23 21:00:00,2022-10-24 14:20:00,19496.3,19203.855499999998,-1.5,SL
LONG,2022-10-25 18:00:00,2022-10-26 08:35:00,20094.7,20597.067499999997,2.5,TP
LONG,2022-10-26 09:05:00,2022-10-27 20:20:00,20636.9,20327.3465,-1.5,SL
LONG,2022-10-28 12:00:00,2022-10-28 16:30:00,20169.4,20673.635,2.5,TP
LONG,2022-11-04 10:00:00,2022-11-04 14:20:00,20573.3,21087.632499999996,2.5,TP
LONG,2022-11-04 15:05:00,2022-11-04 15:55:00,21149.5,20832.2575,-1.5,SL
LONG,2022-11-04 16:15:00,2022-11-05 00:40:00,20831.3,21352.082499999997,2.5,TP
LONG,2022-11-05 00:45:00,2022-11-06 23:10:00,21367.6,21047.086,-1.5,SL
SHORT,2022-11-08 00:00:00,2022-11-08 04:05:00,20616.0,20100.6,2.5,TP
SHORT,2022-11-08 05:30:00,2022-11-08 16:05:00,19598.2,19892.173,-1.5,SL
SHORT,2022-11-08 17:05:00,2022-11-08 17:50:00,20183.9,19679.3025,2.5,TP
SHORT,2022-11-08 19:45:00,2022-11-09 03:10:00,18492.4,18030.09,2.5,TP
SHORT,2022-11-16 19:00:00,2022-11-18 00:10:00,16534.3,16782.314499999997,-1.5,SL
SHORT,2022-11-20 23:00:00,2022-11-21 19:25:00,16271.7,15864.907500000001,2.5,TP
SHORT,2022-11-21 20:00:00,2022-11-22 13:10:00,15732.3,15968.284499999998,-1.5,SL
SHORT,2022-11-22 14:35:00,2022-11-23 02:15:00,16047.4,16288.110999999999,-1.5,SL
SHORT,2022-11-28 02:10:00,2022-11-29 04:25:00,16132.2,16374.182999999999,-1.5,SL
SHORT,2022-11-29 12:00:00,2022-11-30 00:40:00,16478.4,16725.576,-1.5,SL
LONG,2022-11-30 02:00:00,2022-12-05 04:55:00,16910.4,17333.16,2.5,TP
LONG,2022-12-05 09:25:00,2022-12-05 16:20:00,17294.4,17034.984,-1.5,SL
LONG,2022-12-08 21:00:00,2022-12-12 02:50:00,17173.0,16915.405,-1.5,SL
LONG,2022-12-13 00:00:00,2022-12-13 13:30:00,17196.9,17626.8225,2.5,TP
LONG,2022-12-13 14:25:00,2022-12-13 17:50:00,17897.4,17628.939000000002,-1.5,SL
LONG,2022-12-13 18:10:00,2022-12-14 16:20:00,17676.4,18118.31,2.5,TP
LONG,2022-12-14 20:00:00,2022-12-15 02:00:00,17853.6,17585.796,-1.5,SL
SHORT,2022-12-16 00:00:00,2022-12-16 14:15:00,17371.1,16936.8225,2.5,TP
SHORT,2022-12-16 14:50:00,2022-12-16 23:10:00,17038.1,16612.1475,2.5,TP
SHORT,2022-12-16 23:20:00,2022-12-20 14:55:00,16614.1,16863.311499999996,-1.5,SL
SHORT,2022-12-22 18:00:00,2022-12-22 22:10:00,16570.5,16819.0575,-1.5,SL
SHORT,2022-12-25 17:00:00,2023-01-08 23:15:00,16788.7,17040.5305,-1.5,SL
LONG,2023-01-04 06:00:00,2023-01-09 15:00:00,16852.1,17273.402499999997,2.5,TP
LONG,2023-01-20 21:30:00,2023-01-21 09:45:00,22285.4,22842.535,2.5,TP
LONG,2023-01-25 20:00:00,2023-01-25 21:55:00,22903.3,23475.882499999996,2.5,TP
LONG,2023-01-25 22:20:00,2023-01-25 22:50:00,23388.0,23037.18,-1.5,SL
LONG,2023-01-25 23:20:00,2023-01-27 01:35:00,23062.3,22716.3655,-1.5,SL
LONG,2023-01-28 04:00:00,2023-01-29 18:40:00,23117.0,23694.925,2.5,TP
LONG,2023-01-29 21:05:00,2023-01-30 09:10:00,23706.1,23350.5085,-1.5,SL
LONG,2023-02-01 23:00:00,2023-02-03 08:10:00,23754.1,23397.7885,-1.5,SL
LONG,2023-02-03 08:55:00,2023-02-05 15:50:00,23427.9,23076.4815,-1.5,SL
SHORT,2023-02-06 00:00:00,2023-02-07 17:50:00,22955.2,23299.528,-1.5,SL
SHORT,2023-02-08 17:00:00,2023-02-09 19:20:00,22914.4,22341.54,2.5,TP
SHORT,2023-02-09 20:25:00,2023-02-14 15:10:00,21920.6,22249.408999999996,-1.5,SL
LONG,2023-02-15 12:50:00,2023-02-15 19:55:00,22731.1,23299.377499999995,2.5,TP
LONG,2023-02-15 21:25:00,2023-02-16 00:15:00,24099.9,24702.3975,2.5,TP
LONG,2023-02-16 00:35:00,2023-02-16 22:30:00,24660.2,24290.297,-1.5,SL
LONG,2023-02-17 12:00:00,2023-02-17 17:30:00,23797.3,24392.2325,2.5,TP
LONG,2023-02-17 17:35:00,2023-02-19 16:10:00,24428.1,25038.802499999998,2.5,TP
SHORT,2023-02-24 19:00:00,2023-02-26 18:40:00,23065.2,23411.178,-1.5,SL
LONG,2023-03-01 10:00:00,2023-03-01 19:50:00,23732.6,23376.610999999997,-1.5,SL
LONG,2023-03-01 20:45:00,2023-03-03 01:20:00,23434.6,23083.081,-1.5,SL
SHORT,2023-03-03 04:00:00,2023-03-05 01:15:00,22275.7,22609.835499999997,-1.5,SL
SHORT,2023-03-05 02:20:00,2023-03-07 21:10:00,22548.6,21984.885,2.5,TP
SHORT,2023-03-07 23:25:00,2023-03-09 13:20:00,22133.1,21579.7725,2.5,TP
SHORT,2023-03-09 14:40:00,2023-03-09 18:30:00,21716.3,21173.392499999998,2.5,TP
SHORT,2023-03-09 19:40:00,2023-03-09 20:55:00,20882.9,20360.8275,2.5,TP
LONG,2023-03-13 00:00:00,2023-03-13 13:45:00,21963.6,22512.689999999995,2.5,TP
LONG,2023-03-13 13:55:00,2023-03-13 14:15:00,22467.2,23028.879999999997,2.5,TP
LONG,2023-03-13 15:50:00,2023-03-14 05:10:00,23978.1,24577.552499999998,2.5,TP
LONG,2023-03-29 06:00:00,2023-03-29 08:10:00,27499.5,28186.9875,2.5,TP
LONG,2023-03-29 08:40:00,2023-03-30 17:30:00,28437.9,28011.3315,-1.5,SL
LONG,2023-03-30 18:30:00,2023-03-31 14:45:00,27901.0,28598.524999999998,2.5,TP
LONG,2023-04-01 04:00:00,2023-04-02 15:10:00,28538.6,28110.520999999997,-1.5,SL
LONG,2023-04-09 17:00:00,2023-04-10 16:45:00,27885.0,28582.124999999996,2.5,TP
LONG,2023-04-10 17:45:00,2023-04-11 00:50:00,29099.0,29826.475,2.5,TP
LONG,2023-04-11 02:00:00,2023-04-14 06:50:00,30135.9,30889.2975,2.5,TP
LONG,2023-04-18 08:00:00,2023-04-19 08:20:00,29756.6,29310.250999999997,-1.5,SL
SHORT,2023-04-19 10:00:00,2023-04-20 16:00:00,29160.2,28431.195,2.5,TP
SHORT,2023-04-20 22:10:00,2023-04-21 19:05:00,28302.3,27594.7425,2.5,TP
LONG,2023-04-27 00:00:00,2023-04-27 00:20:00,28368.0,29077.199999999997,2.5,TP
LONG,2023-04-27 01:05:00,2023-04-27 01:20:00,29106.8,28670.198,-1.5,SL
LONG,2023-04-27 02:00:00,2023-04-27 18:25:00,28874.1,29595.952499999996,2.5,TP
LONG,2023-04-27 21:00:00,2023-04-28 08:40:00,29679.1,29233.9135,-1.5,SL
LONG,2023-04-30 17:00:00,2023-04-30 19:15:00,29733.1,29287.103499999997,-1.5,SL
SHORT,2023-05-01 03:00:00,2023-05-01 19:15:00,28542.8,27829.23,2.5,TP
SHORT,2023-05-01 19:20:00,2023-05-02 14:25:00,27961.2,28380.618,-1.5,SL
SHORT,2023-05-02 14:50:00,2023-05-02 19:05:00,28352.0,28777.28,-1.5,SL
LONG,2023-05-03 04:00:00,2023-05-03 22:20:00,28469.0,29180.725,2.5,TP
SHORT,2023-05-02 19:30:00,2023-05-03 22:20:00,28740.0,29171.1,-1.5,SL
LONG,2023-05-04 00:00:00,2023-05-06 00:35:00,29043.0,29769.074999999997,2.5,TP
SHORT,2023-05-07 00:00:00,2023-05-08 01:40:00,28852.1,28130.797499999997,2.5,TP
SHORT,2023-05-08 02:05:00,2023-05-08 18:00:00,28225.0,27519.375,2.5,TP
SHORT,2023-05-08 18:15:00,2023-05-10 12:40:00,27560.7,27974.1105,-1.5,SL
SHORT,2023-05-10 16:00:00,2023-05-10 17:15:00,28159.0,27455.024999999998,2.5,TP
SHORT,2023-05-10 18:15:00,2023-05-10 20:15:00,27456.6,27868.448999999997,-1.5,SL
SHORT,2023-05-10 20:55:00,2023-05-11 14:00:00,27848.3,27152.0925,2.5,TP
SHORT,2023-05-11 17:25:00,2023-05-12 06:10:00,26879.9,26207.9025,2.5,TP
SHORT,2023-05-12 06:30:00,2023-05-12 21:10:00,26227.3,26620.709499999997,-1.5,SL
SHORT,2023-05-17 13:00:00,2023-05-17 17:50:00,26655.3,27055.129499999995,-1.5,SL
SHORT,2023-05-18 17:00:00,2023-05-24 13:50:00,27050.0,26373.75,2.5,TP
SHORT,2023-05-24 13:55:00,2023-05-26 14:30:00,26432.0,26828.479999999996,-1.5,SL
LONG,2023-05-28 02:00:00,2023-05-28 21:45:00,27081.5,27758.5375,2.5,TP
LONG,2023-05-28 22:30:00,2023-05-29 15:55:00,28048.6,27627.871,-1.5,SL
LONG,2023-05-29 16:40:00,2023-05-31 05:05:00,27648.7,27233.9695,-1.5,SL
SHORT,2023-06-01 00:30:00,2023-06-05 15:25:00,27172.0,26492.7,2.5,TP
SHORT,2023-06-05 15:35:00,2023-06-05 16:00:00,26463.2,25801.62,2.5,TP
SHORT,2023-06-05 16:55:00,2023-06-06 16:20:00,25796.8,26183.751999999997,-1.5,SL
LONG,2023-06-06 16:00:00,2023-06-06 19:20:00,26153.6,26807.439999999995,2.5,TP
LONG,2023-06-06 20:00:00,2023-06-07 09:35:00,27067.6,26661.586,-1.5,SL
SHORT,2023-06-07 12:00:00,2023-06-07 21:55:00,26831.9,26161.1025,2.5,TP
SHORT,2023-06-10 07:00:00,2023-06-10 17:30:00,25516.3,25899.044499999996,-1.5,SL
SHORT,2023-06-10 18:00:00,2023-06-14 20:30:00,25917.5,25269.5625,2.5,TP
SHORT,2023-06-14 21:15:00,2023-06-15 20:55:00,25165.2,25542.678,-1.5,SL
SHORT,2023-06-15 21:45:00,2023-06-16 17:00:00,25575.1,25958.726499999997,-1.5,SL
LONG,2023-06-17 06:00:00,2023-06-20 16:45:00,26652.6,27318.914999999997,2.5,TP
LONG,2023-06-20 16:50:00,2023-06-20 18:20:00,27285.1,27967.227499999997,2.5,TP
LONG,2023-06-20 18:30:00,2023-06-21 01:00:00,27879.6,28576.589999999997,2.5,TP
LONG,2023-06-21 01:35:00,2023-06-21 14:35:00,28762.1,29481.152499999997,2.5,TP
LONG,2023-06-29 12:00:00,2023-06-30 13:45:00,30635.9,30176.361500000003,-1.5,SL
LONG,2023-07-03 18:00:00,2023-07-05 10:35:00,31011.1,30545.9335,-1.5,SL
LONG,2023-07-06 04:00:00,2023-07-06 08:55:00,30474.1,31235.952499999996,2.5,TP
LONG,2023-07-06 09:30:00,2023-07-06 11:55:00,31350.7,30880.4395,-1.5,SL
LONG,2023-07-13 18:00:00,2023-07-14 18:20:00,31131.9,30664.9215,-1.5,SL
SHORT,2023-07-14 16:00:00,2023-07-14 18:25:00,31236.0,30455.1,2.5,TP
SHORT,2023-07-14 19:10:00,2023-07-24 09:50:00,30218.1,29462.6475,2.5,TP
SHORT,2023-07-24 11:00:00,2023-08-02 00:00:00,29313.0,29752.694999999996,-1.5,SL
SHORT,2023-08-02 20:00:00,2023-08-08 13:00:00,29145.9,29583.088499999998,-1.5,SL
LONG,2023-08-08 13:00:00,2023-08-14 02:05:00,29651.9,29207.1215,-1.5,SL
LONG,2023-08-14 04:00:00,2023-08-16 20:35:00,29397.9,28956.931500000002,-1.5,SL
SHORT,2023-08-16 08:00:00,2023-08-17 00:40:00,29190.3,28460.5425,2.5,TP
SHORT,2023-08-17 00:45:00,2023-08-17 16:00:00,28484.6,27772.484999999997,2.5,TP
SHORT,2023-08-17 16:25:00,2023-08-17 21:40:00,27882.3,27185.2425,2.5,TP
SHORT,2023-08-28 08:00:00,2023-08-29 14:20:00,25943.8,26332.957,-1.5,SL
LONG,2023-08-29 16:00:00,2023-08-31 15:40:00,27356.0,26945.66,-1.5,SL
SHORT,2023-08-31 20:00:00,2023-09-01 17:25:00,26113.3,25460.4675,2.5,TP
SHORT,2023-09-01 17:45:00,2023-09-02 14:45:00,25478.4,25860.575999999997,-1.5,SL
SHORT,2023-09-02 14:50:00,2023-09-07 21:05:00,25850.0,26237.749999999996,-1.5,SL
LONG,2023-09-07 00:00:00,2023-09-11 14:35:00,25747.8,25361.583,-1.5,SL
SHORT,2023-09-10 13:00:00,2023-09-11 14:45:00,25788.7,25143.982500000002,2.5,TP
SHORT,2023-09-11 15:05:00,2023-09-12 03:15:00,25155.5,25532.832499999997,-1.5,SL
LONG,2023-09-13 00:10:00,2023-09-14 00:55:00,25850.6,26496.864999999998,2.5,TP
LONG,2023-09-14 01:05:00,2023-09-18 10:30:00,26376.1,27035.502499999995,2.5,TP
LONG,2023-09-18 16:25:00,2023-09-18 17:30:00,27196.7,26788.7495,-1.5,SL
LONG,2023-09-18 19:25:00,2023-09-19 15:50:00,26743.1,27411.677499999994,2.5,TP
LONG,2023-09-19 17:10:00,2023-09-21 09:35:00,27185.4,26777.619000000002,-1.5,SL
SHORT,2023-09-25 00:00:00,2023-09-27 11:30:00,26203.1,26596.146499999995,-1.5,SL
LONG,2023-09-28 14:00:00,2023-10-01 10:05:00,26563.8,27227.894999999997,2.5,TP
LONG,2023-10-01 12:10:00,2023-10-01 22:15:00,27132.9,27811.2225,2.5,TP
LONG,2023-10-07 11:00:00,2023-10-09 09:45:00,27949.6,27530.356,-1.5,SL
SHORT,2023-10-11 06:00:00,2023-10-16 05:15:00,27093.2,27499.597999999998,-1.5,SL
LONG,2023-10-16 00:00:00,2023-10-16 05:35:00,27149.9,27828.6475,2.5,TP
LONG,2023-10-16 06:15:00,2023-10-16 13:25:00,27870.0,28566.749999999996,2.5,TP
LONG,2023-10-16 13:40:00,2023-10-20 02:45:00,28232.1,28937.902499999997,2.5,TP
LONG,2023-10-29 13:00:00,2023-11-01 20:55:00,34422.5,35283.0625,2.5,TP
LONG,2023-11-01 21:20:00,2023-11-02 15:20:00,35307.9,34778.281500000005,-1.5,SL
LONG,2023-11-02 16:05:00,2023-11-03 10:05:00,34732.0,34211.02,-1.5,SL
LONG,2023-11-03 12:00:00,2023-11-04 22:50:00,34207.3,35062.4825,2.5,TP
LONG,2023-11-05 03:00:00,2023-11-08 23:40:00,35029.9,35905.6475,2.5,TP
LONG,2023-11-09 01:00:00,2023-11-09 04:35:00,35858.0,36754.45,2.5,TP
LONG,2023-11-09 08:00:00,2023-11-09 14:10:00,36583.6,37498.189999999995,2.5,TP
LONG,2023-11-09 15:00:00,2023-11-09 15:55:00,37782.2,37215.467,-1.5,SL
LONG,2023-11-09 17:30:00,2023-11-10 16:05:00,36337.6,37246.03999999999,2.5,TP
LONG,2023-11-10 22:00:00,2023-11-13 11:45:00,37350.0,36789.75,-1.5,SL
LONG,2023-11-15 16:00:00,2023-11-15 18:50:00,36452.1,37363.4025,2.5,TP
LONG,2023-11-15 19:15:00,2023-11-16 14:05:00,37342.4,36782.264,-1.5,SL
LONG,2023-11-17 00:00:00,2023-11-19 23:00:00,36141.0,37044.524999999994,2.5,TP
LONG,2023-11-19 23:00:00,2023-11-21 14:40:00,37266.5,36707.5025,-1.5,SL
SHORT,2023-11-21 12:00:00,2023-11-21 23:20:00,37189.5,36259.7625,2.5,TP
SHORT,2023-11-21 23:40:00,2023-11-22 09:35:00,36077.0,36618.155,-1.5,SL
LONG,2023-11-22 16:00:00,2023-11-22 20:35:00,36516.7,37429.61749999999,2.5,TP
LONG,2023-11-22 23:25:00,2023-11-24 15:25:00,37314.9,38247.7725,2.5,TP
LONG,2023-11-24 15:30:00,2023-11-24 18:40:00,38200.1,37627.0985,-1.5,SL
LONG,2023-11-24 18:45:00,2023-11-27 10:35:00,37672.2,37107.117,-1.5,SL
LONG,2023-11-28 17:00:00,2023-12-01 16:30:00,37888.3,38835.5075,2.5,TP
LONG,2023-12-01 16:35:00,2023-12-03 15:55:00,38785.5,39755.1375,2.5,TP
LONG,2023-12-14 00:00:00,2023-12-14 13:30:00,42870.1,42227.0485,-1.5,SL
LONG,2023-12-14 13:50:00,2023-12-15 15:35:00,42503.5,41865.9475,-1.5,SL
LONG,2023-12-16 00:00:00,2023-12-17 23:30:00,42007.6,41377.486,-1.5,SL
SHORT,2023-12-17 08:00:00,2023-12-18 09:20:00,41911.0,40863.225,2.5,TP
LONG,2023-12-18 20:00:00,2023-12-19 00:35:00,41744.1,42787.70249999999,2.5,TP
LONG,2023-12-19 02:00:00,2023-12-19 14:45:00,43256.7,42607.8495,-1.5,SL
LONG,2023-12-19 15:10:00,2023-12-19 17:20:00,42583.8,41945.043000000005,-1.5,SL
LONG,2023-12-19 18:10:00,2023-12-20 13:05:00,42073.2,43125.02999999999,2.5,TP
LONG,2023-12-20 14:05:00,2023-12-24 22:10:00,43739.6,43083.506,-1.5,SL
LONG,2023-12-25 12:00:00,2023-12-26 09:45:00,43148.1,42500.8785,-1.5,SL
SHORT,2023-12-26 07:00:00,2023-12-27 20:35:00,42769.8,43411.347,-1.5,SL
LONG,2023-12-27 16:00:00,2023-12-29 01:30:00,42987.0,42342.195,-1.5,SL
SHORT,2023-12-28 12:00:00,2023-12-29 16:55:00,43087.1,42009.9225,2.5,TP
SHORT,2023-12-29 22:00:00,2023-12-30 16:10:00,41948.7,42577.930499999995,-1.5,SL
LONG,2024-01-01 21:00:00,2024-01-02 00:50:00,43795.7,44890.59249999999,2.5,TP
LONG,2024-01-02 01:10:00,2024-01-03 11:50:00,44937.6,44263.536,-1.5,SL
SHORT,2024-01-03 08:00:00,2024-01-03 11:55:00,45071.1,43944.322499999995,2.5,TP
SHORT,2024-01-03 12:50:00,2024-01-03 16:00:00,42771.7,43413.275499999996,-1.5,SL
SHORT,2024-01-03 16:35:00,2024-01-04 14:55:00,42968.6,43613.12899999999,-1.5,SL
LONG,2024-01-04 12:00:00,2024-01-04 19:15:00,43149.8,44228.545,2.5,TP
LONG,2024-01-08 15:00:00,2024-01-08 18:00:00,44691.9,45809.197499999995,2.5,TP
LONG,2024-01-08 19:25:00,2024-01-09 21:10:00,46694.2,47861.55499999999,2.5,TP
LONG,2024-01-09 21:15:00,2024-01-09 21:50:00,46543.8,45845.643000000004,-1.5,SL
LONG,2024-01-09 22:15:00,2024-01-10 12:40:00,45766.5,45080.0025,-1.5,SL
LONG,2024-01-10 13:10:00,2024-01-10 17:40:00,45075.8,46202.695,2.5,TP
LONG,2024-01-10 18:05:00,2024-01-10 21:35:00,46117.2,45425.441999999995,-1.5,SL
LONG,2024-01-10 21:40:00,2024-01-10 22:50:00,45488.1,46625.3025,2.5,TP
LONG,2024-01-10 23:25:00,2024-01-11 05:35:00,46827.3,46124.8905,-1.5,SL
LONG,2024-01-11 07:00:00,2024-01-11 11:20:00,45965.2,47114.329999999994,2.5,TP
SHORT,2024-01-12 19:00:00,2024-01-12 22:20:00,43451.7,42365.407499999994,2.5,TP
SHORT,2024-01-12 22:50:00,2024-01-13 06:20:00,42492.9,43130.2935,-1.5,SL
SHORT,2024-01-13 06:25:00,2024-01-14 23:15:00,43075.0,41998.125,2.5,TP
SHORT,2024-01-14 23:25:00,2024-01-15 05:00:00,42040.9,42671.5135,-1.5,SL
SHORT,2024-01-15 05:25:00,2024-01-15 18:40:00,42677.5,43317.6625,-1.5,SL
SHORT,2024-01-18 20:00:00,2024-01-19 18:50:00,41095.8,41712.237,-1.5,SL
SHORT,2024-01-22 07:00:00,2024-01-22 19:15:00,41165.6,40136.46,2.5,TP
SHORT,2024-01-22 19:55:00,2024-01-23 11:25:00,39812.5,38817.1875,2.5,TP
SHORT,2024-01-24 08:15:00,2024-01-26 10:40:00,39948.7,40547.930499999995,-1.5,SL
LONG,2024-01-29 00:00:00,2024-01-29 16:30:00,41936.3,42984.7075,2.5,TP
LONG,2024-01-29 22:00:00,2024-01-31 10:55:00,43127.5,42480.5875,-1.5,SL
LONG,2024-01-31 12:00:00,2024-01-31 17:55:00,42588.8,43653.52,2.5,TP
LONG,2024-02-01 16:00:00,2024-02-07 17:35:00,42500.1,43562.60249999999,2.5,TP
LONG,2024-02-07 20:00:00,2024-02-08 11:10:00,43721.4,44814.435,2.5,TP
LONG,2024-02-08 12:40:00,2024-02-09 02:25:00,44649.4,45765.634999999995,2.5,TP
LONG,2024-02-09 03:05:00,2024-02-09 12:05:00,46126.3,47279.4575,2.5,TP
LONG,2024-02-21 20:00:00,2024-02-26 15:25:00,51041.4,52317.435,2.5,TP
LONG,2024-02-26 16:30:00,2024-02-26 19:40:00,53162.6,54491.66499999999,2.5,TP
LONG,2024-02-26 19:50:00,2024-02-27 01:55:00,54436.5,55797.4125,2.5,TP
LONG,2024-02-27 02:45:00,2024-02-28 07:35:00,56294.9,57702.2725,2.5,TP
LONG,2024-03-08 14:00:00,2024-03-08 15:25:00,67872.4,69569.20999999999,2.5,TP
LONG,2024-03-08 15:30:00,2024-03-08 16:00:00,68517.6,67489.83600000001,-1.5,SL
LONG,2024-03-08 16:35:00,2024-03-08 19:55:00,67230.0,68910.75,2.5,TP
LONG,2024-03-08 20:05:00,2024-03-08 21:50:00,69237.5,68198.9375,-1.5,SL
LONG,2024-03-08 22:10:00,2024-03-11 07:10:00,68329.3,70037.5325,2.5,TP
LONG,2024-03-11 08:30:00,2024-03-12 17:05:00,71356.4,70286.05399999999,-1.5,SL
LONG,2024-03-12 18:05:00,2024-03-13 06:35:00,70932.1,72705.4025,2.5,TP
SHORT,2024-03-16 00:50:00,2024-03-16 11:25:00,69784.7,68040.08249999999,2.5,TP
SHORT,2024-03-16 21:00:00,2024-03-16 23:10:00,67077.2,65400.27,2.5,TP
SHORT,2024-03-16 23:20:00,2024-03-17 10:15:00,65860.0,66847.9,-1.5,SL
LONG,2024-03-17 16:00:00,2024-03-18 01:00:00,68093.7,67072.29449999999,-1.5,SL
SHORT,2024-03-19 06:00:00,2024-03-19 08:45:00,65288.8,63656.58,2.5,TP
SHORT,2024-03-19 08:55:00,2024-03-19 16:05:00,63534.2,64487.21299999999,-1.5,SL
SHORT,2024-03-19 17:35:00,2024-03-19 22:15:00,65032.9,63407.0775,2.5,TP
SHORT,2024-03-19 22:30:00,2024-03-20 04:30:00,63219.7,61639.2075,2.5,TP
SHORT,2024-03-22 14:00:00,2024-03-23 07:05:00,63450.0,64401.74999999999,-1.5,SL
LONG,2024-03-25 05:00:00,2024-03-25 14:55:00,67657.1,69348.5275,2.5,TP
LONG,2024-03-25 15:10:00,2024-03-26 07:20:00,69318.9,71051.87249999998,2.5,TP
LONG,2024-03-26 07:35:00,2024-03-26 14:20:00,71175.0,70107.375,-1.5,SL
LONG,2024-03-26 14:40:00,2024-03-27 15:55:00,70035.4,68984.86899999999,-1.5,SL
LONG,2024-03-31 20:00:00,2024-04-01 05:45:00,71227.4,70158.98899999999,-1.5,SL
SHORT,2024-04-02 00:00:00,2024-04-02 02:35:00,69659.9,67918.4025,2.5,TP
SHORT,2024-04-02 03:45:00,2024-04-02 13:20:00,66723.3,65055.2175,2.5,TP
SHORT,2024-04-02 13:35:00,2024-04-02 14:25:00,64881.7,65854.9255,-1.5,SL
SHORT,2024-04-02 14:45:00,2024-04-04 13:10:00,65892.8,66881.192,-1.5,SL
LONG,2024-04-05 00:00:00,2024-04-05 05:15:00,68344.6,67319.43100000001,-1.5,SL
LONG,2024-04-06 22:00:00,2024-04-07 16:15:00,68385.8,70095.44499999999,2.5,TP
LONG,2024-04-07 18:20:00,2024-04-08 08:10:00,69595.4,71335.28499999999,2.5,TP
LONG,2024-04-08 08:20:00,2024-04-09 08:05:00,71154.0,70086.69,-1.5,SL
LONG,2024-04-10 20:00:00,2024-04-12 16:40:00,69847.9,68800.18149999999,-1.5,SL
SHORT,2024-04-12 17:00:00,2024-04-12 18:30:00,68850.7,67129.4325,2.5,TP
SHORT,2024-04-12 19:05:00,2024-04-13 04:45:00,66842.6,67845.239,-1.5,SL
SHORT,2024-04-13 05:30:00,2024-04-13 19:50:00,67482.5,65795.4375,2.5,TP
SHORT,2024-04-13 21:30:00,2024-04-13 22:30:00,62143.9,63076.05849999999,-1.5,SL
SHORT,2024-04-13 23:35:00,2024-04-14 03:00:00,64544.7,62931.0825,2.5,TP
SHORT,2024-04-14 03:15:00,2024-04-14 04:10:00,62654.5,63594.3175,-1.5,SL
SHORT,2024-04-14 05:15:00,2024-04-14 22:05:00,64049.9,65010.648499999996,-1.5,SL
LONG,2024-04-22 07:00:00,2024-04-24 14:30:00,66334.7,65339.6795,-1.5,SL
SHORT,2024-04-24 19:05:00,2024-04-27 01:25:00,64207.2,62602.02,2.5,TP
SHORT,2024-04-27 06:00:00,2024-04-28 02:50:00,62940.9,63885.013499999994,-1.5,SL
SHORT,2024-04-28 08:00:00,2024-04-29 03:55:00,63880.8,62283.78,2.5,TP
SHORT,2024-04-29 05:00:00,2024-04-29 22:25:00,62475.0,63412.12499999999,-1.5,SL
SHORT,2024-04-30 11:00:00,2024-04-30 18:45:00,61650.0,60108.75,2.5,TP
SHORT,2024-04-30 20:00:00,2024-04-30 22:25:00,59825.6,60722.98399999999,-1.5,SL
SHORT,2024-04-30 22:45:00,2024-05-01 07:05:00,60539.8,59026.305,2.5,TP
SHORT,2024-05-01 08:50:00,2024-05-01 11:55:00,57006.6,57861.69899999999,-1.5,SL
SHORT,2024-05-01 12:00:00,2024-05-01 18:40:00,57746.1,58612.29149999999,-1.5,SL
SHORT,2024-05-01 19:10:00,2024-05-01 19:55:00,58542.0,57078.45,2.5,TP
SHORT,2024-05-01 20:25:00,2024-05-01 23:35:00,57330.0,58189.95,-1.5,SL
SHORT,2024-05-01 23:50:00,2024-05-02 14:40:00,58228.3,59101.7245,-1.5,SL
SHORT,2024-05-03 05:00:00,2024-05-03 12:40:00,59506.2,60398.79299999999,-1.5,SL
LONG,2024-05-04 00:00:00,2024-05-04 10:55:00,62819.9,64390.3975,2.5,TP
LONG,2024-05-04 11:15:00,2024-05-05 01:30:00,64173.6,63210.996,-1.5,SL
LONG,2024-05-05 01:55:00,2024-05-06 08:15:00,63286.0,64868.149999999994,2.5,TP
SHORT,2024-05-06 16:00:00,2024-05-08 13:05:00,63666.0,62074.35,2.5,TP
SHORT,2024-05-08 14:00:00,2024-05-09 10:55:00,62357.3,60798.3675,2.5,TP
SHORT,2024-05-09 13:20:00,2024-05-09 16:05:00,61376.0,62296.63999999999,-1.5,SL
SHORT,2024-05-09 16:40:00,2024-05-09 22:50:00,62287.9,63222.218499999995,-1.5,SL
SHORT,2024-05-10 12:05:00,2024-05-10 14:45:00,63158.4,61579.44,2.5,TP
SHORT,2024-05-10 15:30:00,2024-05-13 07:50:00,61188.2,62106.022999999994,-1.5,SL
LONG,2024-05-13 15:00:00,2024-05-14 06:10:00,62707.7,61767.0845,-1.5,SL
SHORT,2024-05-14 16:00:00,2024-05-15 09:45:00,61654.0,62578.80999999999,-1.5,SL
LONG,2024-05-15 00:00:00,2024-05-15 12:30:00,61602.0,63142.049999999996,2.5,TP
LONG,2024-05-15 13:05:00,2024-05-15 18:10:00,63564.0,65153.09999999999,2.5,TP
LONG,2024-05-15 19:45:00,2024-05-16 17:20:00,65939.9,64950.801499999994,-1.5,SL
LONG,2024-05-16 17:50:00,2024-05-17 14:55:00,64948.0,66571.7,2.5,TP
LONG,2024-05-17 15:20:00,2024-05-19 19:45:00,67006.0,66000.91,-1.5,SL
LONG,2024-05-20 20:05:00,2024-05-21 00:15:00,69822.9,71568.47249999999,2.5,TP
LONG,2024-05-24 16:00:00,2024-05-27 15:15:00,68292.2,69999.50499999999,2.5,TP
LONG,2024-06-03 11:05:00,2024-06-04 16:15:00,69094.6,70821.965,2.5,TP
LONG,2024-06-04 20:00:00,2024-06-07 18:00:00,70317.1,69262.3435,-1.5,SL
SHORT,2024-06-11 03:00:00,2024-06-11 15:40:00,68305.1,66597.4725,2.5,TP
SHORT,2024-06-11 15:45:00,2024-06-11 19:45:00,66342.8,67337.942,-1.5,SL
SHORT,2024-06-11 20:20:00,2024-06-12 12:30:00,67325.8,68335.68699999999,-1.5,SL
SHORT,2024-06-12 16:00:00,2024-06-12 19:45:00,69737.4,67993.965,2.5,TP
SHORT,2024-06-12 20:10:00,2024-06-14 16:05:00,67776.4,66081.98999999999,2.5,TP
SHORT,2024-06-17 00:00:00,2024-06-18 01:40:00,66605.9,64940.752499999995,2.5,TP
SHORT,2024-06-18 02:00:00,2024-06-20 10:55:00,64997.8,65972.76699999999,-1.5,SL
SHORT,2024-06-20 12:00:00,2024-06-21 04:00:00,66114.1,64461.247500000005,2.5,TP
SHORT,2024-06-21 08:00:00,2024-06-24 04:10:00,64280.1,62673.097499999996,2.5,TP
SHORT,2024-06-24 08:50:00,2024-06-24 09:40:00,62639.1,61073.1225,2.5,TP
SHORT,2024-06-24 10:05:00,2024-06-24 17:20:00,61541.7,60003.157499999994,2.5,TP
SHORT,2024-06-26 04:00:00,2024-06-28 19:15:00,61964.8,60415.68,2.5,TP
SHORT,2024-06-28 21:00:00,2024-06-29 11:35:00,60249.3,61153.0395,-1.5,SL
SHORT,2024-07-03 02:00:00,2024-07-03 10:30:00,61500.0,59962.5,2.5,TP
SHORT,2024-07-03 14:00:00,2024-07-04 01:50:00,60497.3,58984.8675,2.5,TP
SHORT,2024-07-04 02:25:00,2024-07-04 08:50:00,58957.3,57483.3675,2.5,TP
SHORT,2024-07-04 08:55:00,2024-07-04 19:30:00,57674.1,58539.21149999999,-1.5,SL
SHORT,2024-07-04 19:40:00,2024-07-05 00:00:00,58362.3,56903.2425,2.5,TP
SHORT,2024-07-08 00:15:00,2024-07-08 08:20:00,55727.2,56563.10799999999,-1.5,SL
SHORT,2024-07-08 12:00:00,2024-07-08 14:25:00,57107.9,55680.2025,2.5,TP
SHORT,2024-07-08 14:45:00,2024-07-09 02:45:00,56215.1,57058.326499999996,-1.5,SL
LONG,2024-07-14 00:00:00,2024-07-14 21:20:00,59299.9,60782.3975,2.5,TP
LONG,2024-07-14 21:30:00,2024-07-15 02:30:00,60763.1,62282.17749999999,2.5,TP
LONG,2024-07-15 03:00:00,2024-07-15 22:10:00,62377.2,63936.62999999999,2.5,TP
LONG,2024-07-19 16:00:00,2024-07-21 20:15:00,66011.7,67661.9925,2.5,TP
LONG,2024-07-26 00:00:00,2024-07-26 13:35:00,65799.9,67444.89749999999,2.5,TP
LONG,2024-07-26 14:40:00,2024-07-27 13:10:00,67132.1,68810.4025,2.5,TP
LONG,2024-07-27 13:50:00,2024-07-27 19:40:00,69196.0,68158.06,-1.5,SL
LONG,2024-07-27 19:55:00,2024-07-27 20:20:00,68209.2,67186.06199999999,-1.5,SL
LONG,2024-07-27 20:50:00,2024-07-29 13:00:00,68102.3,69804.8575,2.5,TP
SHORT,2024-07-31 00:00:00,2024-08-01 01:20:00,66069.2,64417.469999999994,2.5,TP
SHORT,2024-08-01 05:30:00,2024-08-01 17:40:00,64103.2,62500.619999999995,2.5,TP
SHORT,2024-08-01 19:30:00,2024-08-01 20:40:00,63230.2,64178.65299999999,-1.5,SL
SHORT,2024-08-01 23:05:00,2024-08-02 14:55:00,65078.5,63451.5375,2.5,TP
SHORT,2024-08-02 15:35:00,2024-08-02 22:45:00,63195.2,61615.31999999999,2.5,TP
SHORT,2024-08-03 01:10:00,2024-08-03 03:30:00,60801.7,61713.72549999999,-1.5,SL
SHORT,2024-08-03 04:15:00,2024-08-03 19:00:00,61739.1,60195.6225,2.5,TP
SHORT,2024-08-03 23:30:00,2024-08-04 15:50:00,60652.3,59135.9925,2.5,TP
SHORT,2024-08-11 12:00:00,2024-08-11 20:05:00,60560.7,59046.682499999995,2.5,TP
SHORT,2024-08-12 00:00:00,2024-08-12 11:30:00,58738.1,59619.17149999999,-1.5,SL
SHORT,2024-08-12 12:15:00,2024-08-13 16:40:00,59554.2,60447.51299999999,-1.5,SL
SHORT,2024-08-14 12:00:00,2024-08-14 13:55:00,61235.4,59704.515,2.5,TP
SHORT,2024-08-14 14:45:00,2024-08-15 07:25:00,59339.9,57856.4025,2.5,TP
SHORT,2024-08-15 08:45:00,2024-08-15 12:35:00,58225.2,59098.577999999994,-1.5,SL
SHORT,2024-08-15 16:05:00,2024-08-15 18:10:00,59670.0,58178.25,2.5,TP
SHORT,2024-08-15 19:45:00,2024-08-16 02:30:00,57109.6,57966.24399999999,-1.5,SL
SHORT,2024-08-16 03:20:00,2024-08-16 17:55:00,58027.8,58898.217,-1.5,SL
SHORT,2024-08-18 20:00:00,2024-08-19 09:45:00,59668.0,58176.299999999996,2.5,TP
SHORT,2024-08-19 10:05:00,2024-08-19 13:15:00,57921.6,58790.42399999999,-1.5,SL
SHORT,2024-08-19 13:35:00,2024-08-19 23:50:00,58572.6,59451.18899999999,-1.5,SL
SHORT,2024-08-20 12:00:00,2024-08-20 15:05:00,60565.5,59051.362499999996,2.5,TP
SHORT,2024-08-20 15:35:00,2024-08-21 14:05:00,59072.2,59958.28299999999,-1.5,SL
LONG,2024-08-21 21:00:00,2024-08-22 02:50:00,61046.8,60131.098000000005,-1.5,SL
LONG,2024-08-22 03:20:00,2024-08-23 14:10:00,60336.6,61845.01499999999,2.5,TP
LONG,2024-08-23 15:00:00,2024-08-23 17:45:00,61174.9,62704.2725,2.5,TP
LONG,2024-08-23 18:50:00,2024-08-27 10:20:00,63274.4,62325.284,-1.5,SL
SHORT,2024-08-27 00:00:00,2024-08-27 21:35:00,62795.9,61226.0025,2.5,TP
SHORT,2024-08-27 22:50:00,2024-08-29 11:45:00,59357.0,60247.354999999996,-1.5,SL
SHORT,2024-08-29 11:55:00,2024-08-29 15:05:00,60040.0,60940.59999999999,-1.5,SL
SHORT,2024-08-29 15:40:00,2024-08-29 18:35:00,60861.4,59339.865,2.5,TP
SHORT,2024-08-29 19:05:00,2024-09-01 14:10:00,59250.5,57769.237499999996,2.5,TP
SHORT,2024-09-03 12:00:00,2024-09-03 14:50:00,59080.1,57603.097499999996,2.5,TP
SHORT,2024-09-04 01:35:00,2024-09-04 15:00:00,56652.9,57502.693499999994,-1.5,SL
SHORT,2024-09-04 20:10:00,2024-09-05 12:20:00,57969.7,56520.4575,2.5,TP
SHORT,2024-09-05 13:40:00,2024-09-06 07:20:00,56881.0,55458.975,2.5,TP
SHORT,2024-09-06 07:40:00,2024-09-06 12:35:00,55667.9,56502.91849999999,-1.5,SL
SHORT,2024-09-06 13:30:00,2024-09-06 14:10:00,56645.6,55229.46,2.5,TP
SHORT,2024-09-06 15:30:00,2024-09-06 20:50:00,54304.2,52946.594999999994,2.5,TP
SHORT,2024-09-06 20:55:00,2024-09-06 21:45:00,52868.9,53661.9335,-1.5,SL
SHORT,2024-09-07 00:15:00,2024-09-07 15:20:00,53870.0,54678.049999999996,-1.5,SL
LONG,2024-09-13 19:00:00,2024-09-15 23:05:00,59849.9,58952.1515,-1.5,SL
LONG,2024-09-17 12:00:00,2024-09-17 15:00:00,59116.8,60594.72,2.5,TP
LONG,2024-09-17 15:40:00,2024-09-17 19:45:00,60911.1,59997.4335,-1.5,SL
LONG,2024-09-17 20:15:00,2024-09-18 16:00:00,60097.7,59196.2345,-1.5,SL
LONG,2024-09-19 01:00:00,2024-09-19 16:50:00,62013.8,63564.145,2.5,TP
LONG,2024-09-19 19:35:00,2024-09-20 18:05:00,63400.1,62449.0985,-1.5,SL
LONG,2024-09-20 20:00:00,2024-09-23 03:15:00,62806.9,64377.072499999995,2.5,TP
LONG,2024-09-25 04:00:00,2024-09-25 17:05:00,64358.8,63393.418000000005,-1.5,SL
LONG,2024-09-26 17:00:00,2024-09-30 02:10:00,65587.9,64604.08149999999,-1.5,SL
SHORT,2024-10-01 00:00:00,2024-10-01 17:15:00,63315.2,61732.31999999999,2.5,TP
SHORT,2024-10-01 17:30:00,2024-10-02 19:40:00,61703.0,60160.424999999996,2.5,TP
SHORT,2024-10-09 14:00:00,2024-10-10 17:05:00,61806.2,60261.045,2.5,TP
SHORT,2024-10-10 18:30:00,2024-10-10 22:40:00,59300.0,60189.49999999999,-1.5,SL
SHORT,2024-10-10 22:55:00,2024-10-11 09:50:00,60120.8,61022.611999999994,-1.5,SL
LONG,2024-10-12 00:00:00,2024-10-14 03:55:00,62548.3,64112.0075,2.5,TP
LONG,2024-10-14 07:00:00,2024-10-14 14:20:00,64088.5,65690.7125,2.5,TP
LONG,2024-10-14 14:50:00,2024-10-15 13:55:00,65960.6,67609.615,2.5,TP
LONG,2024-10-15 14:15:00,2024-10-15 14:35:00,67043.3,66037.6505,-1.5,SL
LONG,2024-10-15 14:45:00,2024-10-16 10:10:00,65891.9,67539.1975,2.5,TP
LONG,2024-10-24 23:00:00,2024-10-25 17:55:00,68176.3,67153.65550000001,-1.5,SL
LONG,2024-10-27 21:00:00,2024-10-28 19:10:00,67749.4,69443.135,2.5,TP
LONG,2024-10-28 19:25:00,2024-10-29 02:20:00,69790.5,71535.2625,2.5,TP
LONG,2024-10-29 02:45:00,2024-10-29 18:45:00,71220.8,73001.31999999999,2.5,TP
LONG,2024-10-29 20:10:00,2024-10-31 13:50:00,72450.7,71363.9395,-1.5,SL
SHORT,2024-11-04 00:00:00,2024-11-04 21:50:00,68664.0,66947.4,2.5,TP
SHORT,2024-11-04 22:40:00,2024-11-05 07:40:00,67746.6,68762.799,-1.5,SL
LONG,2024-11-05 04:00:00,2024-11-05 14:40:00,68228.5,69934.2125,2.5,TP
LONG,2024-11-05 18:00:00,2024-11-05 19:55:00,70022.5,68972.1625,-1.5,SL
LONG,2024-11-06 04:00:00,2024-11-06 08:00:00,74169.1,73056.5635,-1.5,SL
LONG,2024-11-06 08:35:00,2024-11-06 18:50:00,73239.1,75070.0775,2.5,TP
LONG,2024-11-07 00:55:00,2024-11-10 02:25:00,75361.6,77245.64,2.5,TP
LONG,2024-11-15 08:00:00,2024-11-15 12:05:00,87753.6,89947.44,2.5,TP
LONG,2024-11-21 07:00:00,2024-11-22 07:35:00,97014.6,99439.965,2.5,TP
LONG,2024-11-22 08:45:00,2024-11-22 14:45:00,98989.0,97504.165,-1.5,SL
LONG,2024-11-27 17:00:00,2024-11-29 14:55:00,95676.4,98068.30999999998,2.5,TP
LONG,2024-11-29 16:00:00,2024-11-30 01:10:00,98340.0,96864.9,-1.5,SL
LONG,2024-12-02 12:00:00,2024-12-03 14:30:00,95200.0,93772.0,-1.5,SL
LONG,2024-12-05 02:00:00,2024-12-05 02:40:00,98345.4,100804.03499999999,2.5,TP
LONG,2024-12-05 03:55:00,2024-12-05 15:40:00,103084.8,101538.528,-1.5,SL
LONG,2024-12-05 16:15:00,2024-12-05 18:55:00,101952.4,100423.11399999999,-1.5,SL
LONG,2024-12-05 19:05:00,2024-12-05 19:50:00,100768.1,99256.5785,-1.5,SL
LONG,2024-12-06 00:00:00,2024-12-06 14:25:00,96597.4,99012.33499999999,2.5,TP
LONG,2024-12-06 18:35:00,2024-12-06 23:20:00,101182.8,99665.058,-1.5,SL
SHORT,2024-12-10 00:00:00,2024-12-10 16:40:00,97144.3,94715.6925,2.5,TP
SHORT,2024-12-10 16:45:00,2024-12-10 21:10:00,95219.6,96647.894,-1.5,SL
SHORT,2024-12-10 21:15:00,2024-12-11 08:30:00,96509.9,97957.54849999999,-1.5,SL
LONG,2024-12-11 17:00:00,2024-12-15 12:40:00,100660.3,103176.8075,2.5,TP
LONG,2024-12-15 14:00:00,2024-12-16 00:25:00,102660.8,105227.31999999999,2.5,TP
LONG,2024-12-16 00:45:00,2024-12-16 11:40:00,105810.6,104223.441,-1.5,SL
LONG,2024-12-16 12:20:00,2024-12-16 16:15:00,104076.9,106678.82249999998,2.5,TP
LONG,2024-12-16 19:05:00,2024-12-18 03:05:00,106549.7,104951.45449999999,-1.5,SL
SHORT,2024-12-19 00:00:00,2024-12-19 10:20:00,100573.4,102082.00099999999,-1.5,SL
SHORT,2024-12-19 11:10:00,2024-12-19 15:35:00,102244.4,99688.29,2.5,TP
SHORT,2024-12-19 15:40:00,2024-12-19 18:15:00,100206.7,97701.5325,2.5,TP
SHORT,2024-12-19 18:25:00,2024-12-19 20:10:00,98424.3,95963.6925,2.5,TP
SHORT,2024-12-19 20:15:00,2024-12-19 22:50:00,96663.8,98113.757,-1.5,SL
SHORT,2024-12-19 23:00:00,2024-12-20 08:50:00,97890.8,95443.53,2.5,TP
SHORT,2024-12-20 09:30:00,2024-12-20 11:30:00,95564.0,93174.9,2.5,TP
SHORT,2024-12-20 11:45:00,2024-12-20 13:30:00,93309.3,94708.9395,-1.5,SL
SHORT,2024-12-20 14:00:00,2024-12-20 15:10:00,94844.0,96266.65999999999,-1.5,SL
SHORT,2024-12-20 16:30:00,2024-12-21 05:55:00,97151.6,98608.874,-1.5,SL
SHORT,2024-12-26 10:00:00,2024-12-27 09:05:00,95313.8,96743.507,-1.5,SL
SHORT,2024-12-27 22:00:00,2024-12-30 14:55:00,94236.4,91880.48999999999,2.5,TP
SHORT,2024-12-30 15:10:00,2024-12-30 17:35:00,91712.7,93088.3905,-1.5,SL
SHORT,2024-12-30 20:25:00,2024-12-30 21:50:00,94615.3,92249.9175,2.5,TP
SHORT,2024-12-30 22:15:00,2024-12-31 08:25:00,92535.9,93923.93849999999,-1.5,SL
LONG,2025-01-03 00:00:00,2025-01-06 04:50:00,96952.5,99376.31249999999,2.5,TP
LONG,2025-01-06 16:10:00,2025-01-07 11:40:00,102171.9,100639.32149999999,-1.5,SL
SHORT,2025-01-08 00:00:00,2025-01-08 17:05:00,96669.5,94252.7625,2.5,TP
SHORT,2025-01-08 17:15:00,2025-01-09 01:20:00,93885.9,95294.18849999999,-1.5,SL
SHORT,2025-01-09 01:30:00,2025-01-09 13:30:00,95179.8,92800.30500000001,2.5,TP
SHORT,2025-01-10 08:00:00,2025-01-13 10:25:00,94413.0,92052.675,2.5,TP
SHORT,2025-01-13 14:00:00,2025-01-13 15:05:00,90926.6,92290.499,-1.5,SL
SHORT,2025-01-13 15:25:00,2025-01-13 20:50:00,92178.1,93560.7715,-1.5,SL
LONG,2025-01-14 10:00:00,2025-01-14 16:40:00,97032.7,95577.2095,-1.5,SL
LONG,2025-01-14 16:55:00,2025-01-15 13:30:00,95703.8,98096.39499999999,2.5,TP
LONG,2025-01-15 14:15:00,2025-01-17 01:40:00,98799.9,101269.89749999999,2.5,TP
LONG,2025-01-17 08:00:00,2025-01-17 15:05:00,101501.1,104038.6275,2.5,TP
LONG,2025-01-17 15:20:00,2025-01-19 22:45:00,103874.7,102316.57949999999,-1.5,SL
LONG,2025-01-20 04:00:00,2025-01-20 06:40:00,101569.6,104108.84,2.5,TP
LONG,2025-01-20 07:55:00,2025-01-20 15:55:00,107178.8,105571.118,-1.5,SL
LONG,2025-01-21 16:00:00,2025-01-21 18:30:00,103972.0,106571.29999999999,2.5,TP
LONG,2025-01-23 12:00:00,2025-01-23 14:35:00,101860.5,104407.0125,2.5,TP
LONG,2025-01-23 15:05:00,2025-01-23 16:10:00,103412.0,105997.29999999999,2.5,TP
LONG,2025-01-24 10:00:00,2025-01-26 23:05:00,105033.3,103457.8005,-1.5,SL
LONG,2025-01-30 04:00:00,2025-01-31 18:40:00,104960.7,103386.2895,-1.5,SL
SHORT,2025-02-01 10:00:00,2025-02-02 03:55:00,101710.0,99167.25,2.5,TP
SHORT,2025-02-02 05:55:00,2025-02-02 17:20:00,100211.9,97706.6025,2.5,TP
SHORT,2025-02-02 19:50:00,2025-02-03 00:40:00,98233.0,95777.175,2.5,TP
SHORT,2025-02-03 00:45:00,2025-02-03 01:40:00,96572.0,94157.7,2.5,TP
SHORT,2025-02-03 02:10:00,2025-02-03 09:00:00,94009.0,95419.135,-1.5,SL
SHORT,2025-02-03 09:15:00,2025-02-03 15:05:00,95305.3,96734.8795,-1.5,SL
SHORT,2025-02-04 04:00:00,2025-02-04 08:35:00,100646.6,98130.435,2.5,TP
SHORT,2025-02-04 11:35:00,2025-02-04 21:55:00,99125.7,96647.5575,2.5,TP
SHORT,2025-02-07 00:00:00,2025-02-07 13:40:00,96715.9,98166.63849999999,-1.5,SL
SHORT,2025-02-11 19:00:00,2025-02-12 16:55:00,95504.4,96936.96599999999,-1.5,SL
SHORT,2025-02-16 18:00:00,2025-02-18 17:30:00,96863.3,94441.7175,2.5,TP
SHORT,2025-02-18 20:00:00,2025-02-18 23:00:00,93960.6,95370.00899999999,-1.5,SL
LONG,2025-02-20 18:00:00,2025-02-21 18:10:00,98246.8,96773.098,-1.5,SL
SHORT,2025-02-21 16:00:00,2025-02-21 19:40:00,98027.6,95576.91,2.5,TP
SHORT,2025-02-21 20:00:00,2025-02-24 22:45:00,95449.9,93063.6525,2.5,TP
SHORT,2025-02-24 22:50:00,2025-02-25 07:10:00,92877.7,90555.75749999999,2.5,TP
SHORT,2025-02-25 08:00:00,2025-02-25 10:20:00,89744.2,87500.595,2.5,TP
SHORT,2025-02-25 10:30:00,2025-02-26 14:20:00,88225.7,86020.0575,2.5,TP
LONG,2025-03-02 00:00:00,2025-03-02 16:15:00,86007.5,88157.68749999999,2.5,TP
LONG,2025-03-02 18:10:00,2025-03-03 06:40:00,93371.5,91970.9275,-1.5,SL
SHORT,2025-03-03 16:00:00,2025-03-03 18:25:00,90249.9,87993.6525,2.5,TP
SHORT,2025-03-03 19:30:00,2025-03-04 01:35:00,87129.4,84951.165,2.5,TP
SHORT,2025-03-04 02:35:00,2025-03-04 17:35:00,83758.0,85014.37,-1.5,SL
SHORT,2025-03-04 20:30:00,2025-03-05 10:25:00,87942.1,89261.2315,-1.5,SL
SHORT,2025-03-08 04:00:00,2025-03-09 13:55:00,85669.7,83527.95749999999,2.5,TP
SHORT,2025-03-09 14:00:00,2025-03-09 22:25:00,83481.3,81394.2675,2.5,TP
SHORT,2025-03-09 22:35:00,2025-03-10 02:30:00,81175.7,82393.33549999999,-1.5,SL
SHORT,2025-03-10 02:55:00,2025-03-10 09:20:00,82159.4,83391.79099999998,-1.5,SL
SHORT,2025-03-10 09:35:00,2025-03-10 14:10:00,82521.0,80457.97499999999,2.5,TP
SHORT,2025-03-10 15:05:00,2025-03-10 18:50:00,80156.2,78152.295,2.5,TP
SHORT,2025-03-10 19:05:00,2025-03-10 19:30:00,77708.5,78874.12749999999,-1.5,SL
SHORT,2025-03-10 19:40:00,2025-03-11 04:15:00,78712.0,79892.68,-1.5,SL
SHORT,2025-03-11 04:55:00,2025-03-11 08:40:00,79719.4,80915.19099999999,-1.5,SL
SHORT,2025-03-11 09:55:00,2025-03-11 14:45:00,81419.9,79384.4025,2.5,TP
SHORT,2025-03-16 16:30:00,2025-03-18 13:35:00,83816.1,81720.69750000001,2.5,TP
SHORT,2025-03-18 14:00:00,2025-03-18 23:15:00,81349.1,82569.3365,-1.5,SL
LONG,2025-03-19 13:00:00,2025-03-19 22:10:00,83681.5,85773.53749999999,2.5,TP
LONG,2025-03-23 16:00:00,2025-03-24 08:15:00,85053.5,87179.8375,2.5,TP
LONG,2025-03-24 12:30:00,2025-03-26 19:05:00,87360.1,86049.6985,-1.5,SL
SHORT,2025-03-29 00:00:00,2025-03-29 11:35:00,84311.5,82203.7125,2.5,TP
SHORT,2025-03-29 11:50:00,2025-03-30 09:55:00,82203.0,83436.045,-1.5,SL
SHORT,2025-03-30 10:15:00,2025-04-01 15:10:00,83245.6,84494.284,-1.5,SL
SHORT,2025-04-02 20:00:00,2025-04-02 21:10:00,86680.6,84513.585,2.5,TP
SHORT,2025-04-02 21:50:00,2025-04-02 23:00:00,84679.3,82562.3175,2.5,TP
SHORT,2025-04-02 23:20:00,2025-04-04 07:45:00,82619.7,83858.99549999999,-1.5,SL
SHORT,2025-04-06 19:10:00,2025-04-06 23:20:00,79358.2,77374.245,2.5,TP
SHORT,2025-04-06 23:30:00,2025-04-07 01:10:00,77610.0,78774.15,-1.5,SL
SHORT,2025-04-07 01:30:00,2025-04-07 04:35:00,78907.3,76934.61750000001,2.5,TP
SHORT,2025-04-07 04:50:00,2025-04-07 06:50:00,76790.1,74870.3475,2.5,TP
SHORT,2025-04-07 07:15:00,2025-04-07 08:20:00,75228.0,76356.42,-1.5,SL
SHORT,2025-04-07 08:50:00,2025-04-07 10:30:00,76274.7,77418.82049999999,-1.5,SL
SHORT,2025-04-07 10:45:00,2025-04-07 13:55:00,77097.0,78253.45499999999,-1.5,SL
SHORT,2025-04-07 14:25:00,2025-04-07 14:50:00,78117.5,79289.2625,-1.5,SL
SHORT,2025-04-07 15:05:00,2025-04-07 22:10:00,78331.1,79506.0665,-1.5,SL
SHORT,2025-04-07 23:10:00,2025-04-08 16:35:00,79727.7,77734.50749999999,2.5,TP
SHORT,2025-04-08 17:35:00,2025-04-09 01:20:00,76990.7,75065.9325,2.5,TP
SHORT,2025-04-09 01:30:00,2025-04-09 04:40:00,75381.0,76511.715,-1.5,SL
SHORT,2025-04-09 05:00:00,2025-04-09 07:10:00,76378.0,77523.67,-1.5,SL
SHORT,2025-04-09 08:00:00,2025-04-09 17:15:00,77571.3,78734.8695,-1.5,SL
SHORT,2025-04-10 12:00:00,2025-04-10 15:35:00,81774.9,79730.5275,2.5,TP
LONG,2025-04-11 19:00:00,2025-04-13 01:25:00,83710.1,85802.8525,2.5,TP
LONG,2025-04-13 02:40:00,2025-04-13 13:50:00,84995.0,83720.075,-1.5,SL
LONG,2025-04-13 14:25:00,2025-04-15 09:55:00,83832.8,85928.62,2.5,TP
LONG,2025-04-19 12:00:00,2025-04-21 01:45:00,85199.9,87329.89749999999,2.5,TP
LONG,2025-04-21 09:35:00,2025-04-22 13:10:00,87375.5,89559.8875,2.5,TP
LONG,2025-04-22 13:15:00,2025-04-22 21:45:00,89506.2,91743.855,2.5,TP
LONG,2025-04-22 22:25:00,2025-04-25 14:10:00,92868.3,95190.00749999999,2.5,TP
LONG,2025-05-01 15:00:00,2025-05-04 10:00:00,96872.7,95419.60949999999,-1.5,SL
LONG,2025-05-07 12:00:00,2025-05-08 08:05:00,96986.7,99411.3675,2.5,TP
LONG,2025-05-08 11:35:00,2025-05-08 20:35:00,99517.2,102005.12999999999,2.5,TP
LONG,2025-05-08 21:40:00,2025-05-12 07:00:00,102979.2,105553.68,2.5,TP
LONG,2025-05-15 12:00:00,2025-05-18 14:20:00,102284.6,104841.715,2.5,TP
LONG,2025-05-18 15:00:00,2025-05-19 04:00:00,105044.7,103469.02949999999,-1.5,SL
LONG,2025-05-22 02:00:00,2025-05-23 12:10:00,109937.8,108288.73300000001,-1.5,SL
LONG,2025-05-25 20:00:00,2025-05-27 13:10:00,107622.4,110312.95999999998,2.5,TP
SHORT,2025-05-29 00:00:00,2025-05-30 07:45:00,107583.0,104893.425,2.5,TP
SHORT,2025-05-30 10:00:00,2025-06-05 18:10:00,105490.1,102852.8475,2.5,TP
SHORT,2025-06-05 21:00:00,2025-06-06 04:15:00,100960.0,102474.4,-1.5,SL
SHORT,2025-06-06 06:20:00,2025-06-06 14:25:00,102889.9,104433.24849999999,-1.5,SL
SHORT,2025-06-06 16:25:00,2025-06-09 09:45:00,105022.3,106597.63449999999,-1.5,SL
LONG,2025-06-09 00:00:00,2025-06-09 17:45:00,105677.1,108319.0275,2.5,TP
LONG,2025-06-09 21:35:00,2025-06-11 22:15:00,110043.5,108392.8475,-1.5,SL
SHORT,2025-06-12 08:00:00,2025-06-13 00:00:00,107455.2,104768.81999999999,2.5,TP
SHORT,2025-06-13 00:55:00,2025-06-13 08:10:00,103733.7,105289.70549999998,-1.5,SL
SHORT,2025-06-13 08:40:00,2025-06-16 05:15:00,104858.6,106431.47899999999,-1.5,SL
LONG,2025-06-16 16:00:00,2025-06-17 10:35:00,107368.3,105757.7755,-1.5,SL
SHORT,2025-06-17 08:00:00,2025-06-17 16:45:00,106660.0,103993.5,2.5,TP
SHORT,2025-06-17 19:55:00,2025-06-20 08:15:00,104630.6,106200.059,-1.5,SL
SHORT,2025-06-20 18:00:00,2025-06-22 13:40:00,103052.1,100475.7975,2.5,TP
SHORT,2025-06-22 14:00:00,2025-06-22 20:10:00,100943.1,98419.5225,2.5,TP
SHORT,2025-06-22 21:00:00,2025-06-22 22:55:00,99393.3,100884.19949999999,-1.5,SL
LONG,2025-06-24 03:00:00,2025-06-25 13:10:00,104706.8,107324.46999999999,2.5,TP
LONG,2025-06-25 15:35:00,2025-07-01 19:55:00,107000.5,105395.4925,-1.5,SL
LONG,2025-07-02 08:00:00,2025-07-03 09:40:00,107376.5,110060.91249999999,2.5,TP
LONG,2025-07-03 12:55:00,2025-07-04 16:05:00,109119.9,107483.10149999999,-1.5,SL
LONG,2025-07-06 22:00:00,2025-07-07 18:25:00,109293.1,107653.7035,-1.5,SL
LONG,2025-07-08 04:00:00,2025-07-09 19:35:00,107771.0,110465.275,2.5,TP
LONG,2025-07-09 21:00:00,2025-07-10 21:15:00,111036.6,113812.515,2.5,TP
LONG,2025-07-10 22:10:00,2025-07-13 14:15:00,116065.6,118967.23999999999,2.5,TP
LONG,2025-07-21 01:00:00,2025-07-22 23:10:00,117267.7,120199.39249999999,2.5,TP
LONG,2025-07-27 03:00:00,2025-07-30 18:55:00,118300.6,116526.091,-1.5,SL
SHORT,2025-08-01 01:00:00,2025-08-02 18:25:00,115229.0,112348.275,2.5,TP
SHORT,2025-08-02 21:05:00,2025-08-03 19:20:00,112675.9,114366.03849999998,-1.5,SL
SHORT,2025-08-05 16:00:00,2025-08-06 14:55:00,112984.7,114679.47049999998,-1.5,SL
LONG,2025-08-07 20:00:00,2025-08-11 02:00:00,117260.6,120192.11499999999,2.5,TP
LONG,2025-08-11 02:55:00,2025-08-11 12:35:00,121837.5,120009.9375,-1.5,SL
LONG,2025-08-11 13:35:00,2025-08-13 20:05:00,119804.3,122799.40749999999,2.5,TP
LONG,2025-08-14 04:15:00,2025-08-14 06:15:00,123383.9,121533.1415,-1.5,SL
LONG,2025-08-14 07:35:00,2025-08-14 12:30:00,122035.1,120204.5735,-1.5,SL
SHORT,2025-08-18 02:00:00,2025-08-19 18:25:00,116134.3,113230.9425,2.5,TP
SHORT,2025-08-19 21:00:00,2025-08-22 14:30:00,113499.4,115201.89099999999,-1.5,SL
LONG,2025-08-22 16:00:00,2025-08-23 13:30:00,116541.2,114793.082,-1.5,SL
SHORT,2025-08-24 22:00:00,2025-08-25 20:10:00,112826.1,110005.44750000001,2.5,TP
SHORT,2025-08-25 20:25:00,2025-08-26 23:05:00,110463.4,112120.35099999998,-1.5,SL
SHORT,2025-08-26 23:25:00,2025-08-29 13:55:00,111886.1,109088.94750000001,2.5,TP
SHORT,2025-08-29 14:20:00,2025-09-02 03:50:00,108750.0,110381.24999999999,-1.5,SL
SHORT,2025-09-05 12:05:00,2025-09-10 13:45:00,112368.4,114053.92599999998,-1.5,SL
LONG,2025-09-08 11:00:00,2025-09-11 22:20:00,111890.8,114688.06999999999,2.5,TP
LONG,2025-09-12 02:55:00,2025-09-22 06:00:00,115332.5,113602.5125,-1.5,SL
SHORT,2025-09-22 00:00:00,2025-09-22 09:10:00,115250.5,112369.2375,2.5,TP
SHORT,2025-09-22 10:55:00,2025-09-25 17:20:00,112732.6,109914.285,2.5,TP
LONG,2025-09-29 04:00:00,2025-09-30 00:50:00,111779.8,114574.295,2.5,TP
SHORT,2025-10-10 19:00:00,2025-10-10 20:55:00,117249.9,114318.6525,2.5,TP
SHORT,2025-10-10 21:45:00,2025-10-11 20:50:00,112971.4,110147.11499999999,2.5,TP
SHORT,2025-10-21 05:00:00,2025-10-21 12:20:00,107618.2,109232.47299999998,-1.5,SL
SHORT,2025-10-21 20:00:00,2025-10-21 22:35:00,111609.0,108818.775,2.5,TP
SHORT,2025-10-21 22:45:00,2025-10-23 17:35:00,109179.2,110816.88799999999,-1.5,SL
LONG,2025-10-26 09:00:00,2025-10-26 22:00:00,111686.7,114478.8675,2.5,TP
LONG,2025-10-26 22:10:00,2025-10-28 20:15:00,114576.3,112857.65550000001,-1.5,SL
SHORT,2025-10-29 00:00:00,2025-10-29 18:35:00,112819.7,109999.20749999999,2.5,TP
SHORT,2025-10-29 18:45:00,2025-10-30 13:40:00,110220.0,107464.5,2.5,TP
SHORT,2025-10-30 13:45:00,2025-10-31 01:00:00,107761.1,109377.5165,-1.5,SL
SHORT,2025-10-31 02:05:00,2025-10-31 15:05:00,109327.6,110967.514,-1.5,SL
SHORT,2025-11-03 06:00:00,2025-11-04 05:40:00,107580.0,104890.5,2.5,TP
SHORT,2025-11-04 06:10:00,2025-11-04 16:55:00,104850.0,102228.75,2.5,TP
SHORT,2025-11-04 17:30:00,2025-11-05 01:35:00,101550.0,99011.25,2.5,TP
SHORT,2025-11-11 18:00:00,2025-11-12 09:15:00,103340.2,104890.30299999999,-1.5,SL
SHORT,2025-11-12 12:00:00,2025-11-12 15:50:00,104880.4,102258.38999999998,2.5,TP
SHORT,2025-11-12 16:30:00,2025-11-13 07:00:00,102025.9,103556.28849999998,-1.5,SL
SHORT,2025-11-13 07:40:00,2025-11-13 16:15:00,103514.1,100926.2475,2.5,TP
SHORT,2025-11-13 16:20:00,2025-11-13 18:50:00,100825.7,98305.0575,2.5,TP
SHORT,2025-11-13 18:55:00,2025-11-13 23:10:00,98539.7,100017.7955,-1.5,SL
SHORT,2025-11-13 23:50:00,2025-11-14 04:35:00,99757.9,97263.95249999998,2.5,TP
SHORT,2025-11-14 04:55:00,2025-11-14 12:30:00,97789.7,95344.95749999999,2.5,TP
SHORT,2025-11-14 12:45:00,2025-11-14 15:45:00,95312.2,96741.88299999999,-1.5,SL
SHORT,2025-11-14 16:00:00,2025-11-16 17:40:00,96451.1,94039.82250000001,2.5,TP
SHORT,2025-11-16 18:20:00,2025-11-17 18:25:00,94925.8,92552.655,2.5,TP
SHORT,2025-11-17 21:00:00,2025-11-18 04:50:00,91959.7,89660.70749999999,2.5,TP
SHORT,2025-11-20 05:15:00,2025-11-20 15:10:00,92803.5,90483.41249999999,2.5,TP
SHORT,2025-11-20 19:00:00,2025-11-20 21:40:00,86096.3,87387.7445,-1.5,SL
SHORT,2025-11-20 21:55:00,2025-11-21 07:30:00,87235.0,85054.125,2.5,TP
SHORT,2025-11-30 06:00:00,2025-12-01 00:20:00,90794.9,88525.0275,2.5,TP
SHORT,2025-12-01 02:00:00,2025-12-01 12:45:00,87325.7,85142.5575,2.5,TP
SHORT,2025-12-01 12:50:00,2025-12-01 22:05:00,85371.5,86652.0725,-1.5,SL
SHORT,2025-12-01 22:30:00,2025-12-02 13:50:00,86254.2,87548.01299999999,-1.5,SL
LONG,2025-12-02 16:10:00,2025-12-03 04:55:00,90853.6,93124.94,2.5,TP
LONG,2025-12-03 07:20:00,2025-12-04 19:10:00,93090.0,91693.65,-1.5,SL
SHORT,2025-12-05 10:00:00,2025-12-05 16:30:00,91153.9,88875.05249999999,2.5,TP
SHORT,2025-12-05 17:00:00,2025-12-07 17:15:00,88836.7,90169.2505,-1.5,SL
LONG,2025-12-09 18:00:00,2025-12-09 21:50:00,93867.4,92459.389,-1.5,SL
LONG,2025-12-09 22:05:00,2025-12-11 00:40:00,92682.8,91292.558,-1.5,SL
SHORT,2025-12-12 18:00:00,2025-12-15 15:00:00,90090.3,87838.0425,2.5,TP
SHORT,2025-12-15 15:55:00,2025-12-17 14:50:00,86996.6,88301.549,-1.5,SL
SHORT,2025-12-17 15:40:00,2025-12-17 16:20:00,88679.0,86462.025,2.5,TP
SHORT,2025-12-17 16:55:00,2025-12-18 13:40:00,86946.6,88250.799,-1.5,SL
SHORT,2025-12-18 16:00:00,2025-12-18 17:15:00,88434.1,86223.2475,2.5,TP
SHORT,2025-12-18 17:50:00,2025-12-19 07:00:00,86299.7,87594.19549999999,-1.5,SL
SHORT,2025-12-22 16:00:00,2025-12-23 06:10:00,89816.3,87570.8925,2.5,TP
SHORT,2025-12-23 07:00:00,2025-12-26 02:20:00,87423.5,88734.8525,-1.5,SL
SHORT,2025-12-28 16:00:00,2025-12-29 02:10:00,87837.7,89155.2655,-1.5,SL
SHORT,2025-12-29 08:00:00,2025-12-29 12:05:00,89455.0,87218.625,2.5,TP
SHORT,2025-12-29 14:50:00,2025-12-30 15:50:00,87564.5,88877.96749999998,-1.5,SL
SHORT,2025-12-31 12:00:00,2026-01-02 16:30:00,88905.7,90239.28549999998,-1.5,SL
LONG,2026-01-02 00:00:00,2026-01-04 00:00:00,88667.3,90883.9825,2.5,TP
LONG,2026-01-04 00:00:00,2026-01-05 14:40:00,90898.5,93170.9625,2.5,TP
LONG,2026-01-12 05:00:00,2026-01-12 08:40:00,92110.0,90728.35,-1.5,SL
LONG,2026-01-12 14:00:00,2026-01-13 15:35:00,90569.3,92833.5325,2.5,TP
LONG,2026-01-13 22:15:00,2026-01-14 20:35:00,95285.6,97667.73999999999,2.5,TP
LONG,2026-01-14 22:45:00,2026-01-15 15:35:00,97205.2,95747.122,-1.5,SL
LONG,2026-01-15 15:55:00,2026-01-15 20:25:00,96717.3,95266.5405,-1.5,SL
LONG,2026-01-15 21:00:00,2026-01-18 23:45:00,95360.9,93930.4865,-1.5,SL
SHORT,2026-01-20 00:00:00,2026-01-20 14:45:00,92732.6,90414.285,2.5,TP
SHORT,2026-01-20 22:40:00,2026-01-21 05:40:00,88550.8,89879.06199999999,-1.5,SL
SHORT,2026-01-25 03:00:00,2026-01-25 19:20:00,89129.2,86900.97,2.5,TP
SHORT,2026-01-26 12:00:00,2026-01-27 20:45:00,87924.3,89243.1645,-1.5,SL
SHORT,2026-01-29 14:00:00,2026-01-29 15:10:00,87927.7,85729.50749999999,2.5,TP
SHORT,2026-01-29 16:25:00,2026-01-30 01:40:00,84473.9,82362.05249999999,2.5,TP
SHORT,2026-01-30 02:40:00,2026-01-30 05:25:00,81958.3,83187.6745,-1.5,SL
SHORT,2026-01-30 05:35:00,2026-01-30 19:20:00,83101.6,84348.124,-1.5,SL
SHORT,2026-01-30 19:55:00,2026-01-31 14:20:00,84200.0,82095.0,2.5,TP
SHORT,2026-02-09 08:00:00,2026-02-09 10:30:00,70443.2,68682.12,2.5,TP
SHORT,2026-02-10 12:00:00,2026-02-10 17:30:00,68669.2,69699.238,-1.5,SL
SHORT,2026-02-11 06:00:00,2026-02-12 16:50:00,67421.8,65736.255,2.5,TP
SHORT,2026-02-15 16:00:00,2026-02-17 14:40:00,68967.0,67242.825,2.5,TP
SHORT,2026-02-23 02:25:00,2026-02-23 06:50:00,64715.4,65686.131,-1.5,SL
SHORT,2026-02-23 08:00:00,2026-02-23 19:35:00,65775.1,64130.7225,2.5,TP
SHORT,2026-02-23 21:50:00,2026-02-24 04:15:00,64574.6,62960.235,2.5,TP
SHORT,2026-02-24 04:20:00,2026-02-24 16:00:00,63238.8,64187.382,-1.5,SL
SHORT,2026-02-24 16:25:00,2026-02-25 01:10:00,63918.7,64877.48049999999,-1.5,SL
SHORT,2026-02-25 02:55:00,2026-02-25 14:55:00,65852.0,66839.78,-1.5,SL
SHORT,2026-02-27 19:00:00,2026-02-28 06:50:00,65334.8,63701.43,2.5,TP
SHORT,2026-02-28 07:30:00,2026-02-28 13:50:00,63808.3,64765.424499999994,-1.5,SL
SHORT,2026-02-28 14:45:00,2026-02-28 18:50:00,64721.9,65692.7285,-1.5,SL
SHORT,2026-02-28 19:05:00,2026-02-28 20:20:00,65625.0,66609.375,-1.5,SL
LONG,2026-03-02 22:00:00,2026-03-03 04:35:00,69295.0,68255.575,-1.5,SL
LONG,2026-03-04 12:00:00,2026-03-04 15:25:00,70973.9,72748.24749999998,2.5,TP
LONG,2026-03-04 15:35:00,2026-03-05 15:20:00,72643.2,71553.552,-1.5,SL
LONG,2026-03-05 15:50:00,2026-03-06 01:25:00,71655.2,70580.372,-1.5,SL
SHORT,2026-03-07 00:00:00,2026-03-08 22:00:00,68098.7,66396.2325,2.5,TP
SHORT,2026-03-08 22:30:00,2026-03-09 03:05:00,66023.9,67014.25849999998,-1.5,SL
LONG,2026-03-09 12:00:00,2026-03-10 02:30:00,67840.0,69536.0,2.5,TP
LONG,2026-03-10 03:00:00,2026-03-13 00:30:00,70025.6,71776.24,2.5,TP
LONG,2026-03-13 11:00:00,2026-03-13 17:40:00,72365.8,71280.313,-1.5,SL
LONG,2026-03-13 18:25:00,2026-03-15 23:10:00,71163.1,72942.1775,2.5,TP
LONG,2026-03-16 03:55:00,2026-03-17 01:10:00,73539.5,75377.98749999999,2.5,TP
SHORT,2026-03-19 00:00:00,2026-03-19 12:50:00,71224.8,69444.18000000001,2.5,TP
SHORT,2026-03-19 13:55:00,2026-03-20 08:05:00,69866.3,70914.29449999999,-1.5,SL
SHORT,2026-03-22 06:00:00,2026-03-22 21:15:00,69113.7,67385.8575,2.5,TP
SHORT,2026-03-22 21:20:00,2026-03-23 05:00:00,67630.8,68645.262,-1.5,SL
LONG,2026-03-23 08:00:00,2026-03-23 11:05:00,68408.4,70118.60999999999,2.5,TP
LONG,2026-03-23 11:55:00,2026-03-24 17:40:00,70097.3,69045.8405,-1.5,SL
SHORT,2026-03-26 12:00:00,2026-03-27 10:35:00,69298.7,67566.2325,2.5,TP
SHORT,2026-03-27 11:15:00,2026-03-30 05:05:00,66646.1,67645.7915,-1.5,SL
SHORT,2026-04-02 11:00:00,2026-04-04 16:35:00,66416.1,67412.3415,-1.5,SL
LONG,2026-04-05 00:00:00,2026-04-05 23:30:00,67265.5,68947.1375,2.5,TP
LONG,2026-04-05 23:45:00,2026-04-07 14:05:00,68909.2,67875.56199999999,-1.5,SL
LONG,2026-04-07 23:50:00,2026-04-08 14:50:00,71951.0,70871.735,-1.5,SL
LONG,2026-04-08 15:10:00,2026-04-10 14:20:00,71077.2,72854.12999999999,2.5,TP
LONG,2026-04-13 16:00:00,2026-04-13 22:10:00,71756.1,73550.0025,2.5,TP
LONG,2026-04-13 22:35:00,2026-04-17 09:25:00,74077.4,75929.33499999999,2.5,TP
LONG,2026-04-17 14:05:00,2026-04-18 11:05:00,77119.1,75962.3135,-1.5,SL
LONG,2026-04-18 18:05:00,2026-04-19 18:20:00,75793.8,74656.893,-1.5,SL
LONG,2026-04-20 18:00:00,2026-04-21 19:40:00,76039.4,74898.809,-1.5,SL
LONG,2026-04-22 07:00:00,2026-04-27 15:20:00,77960.2,76790.79699999999,-1.5,SL
LONG,2026-04-29 10:00:00,2026-04-29 15:00:00,77667.2,76502.192,-1.5,SL
LONG,2026-05-01 09:00:00,2026-05-03 22:10:00,77286.3,79218.45749999999,2.5,TP
LONG,2026-05-04 00:45:00,2026-05-04 04:00:00,78427.2,80387.87999999999,2.5,TP
LONG,2026-05-04 06:45:00,2026-05-04 10:15:00,79807.6,78610.486,-1.5,SL
LONG,2026-05-04 10:30:00,2026-05-05 05:20:00,78915.7,80888.59249999998,2.5,TP
LONG,2026-05-05 08:45:00,2026-05-08 02:05:00,80773.1,79561.5035,-1.5,SL
LONG,2026-05-10 08:00:00,2026-05-13 15:10:00,80671.0,79460.935,-1.5,SL
LONG,2026-05-14 12:00:00,2026-05-14 16:05:00,79338.1,81321.5525,2.5,TP
LONG,2026-05-14 20:40:00,2026-05-15 13:25:00,81203.8,79985.743,-1.5,SL
SHORT,2026-05-15 16:00:00,2026-05-18 00:05:00,79173.3,77193.9675,2.5,TP
SHORT,2026-05-18 08:05:00,2026-05-19 22:50:00,77077.9,76716.9,0.4683573371874429,FORCE
